x, y, z, pop, file, url
4671,6207,14,115,tiles/14/4671/6207.png,http://1.basemaps.cartocdn.com/light_all/14/4671/6207.png
4671,6208,14,115,tiles/14/4671/6208.png,http://1.basemaps.cartocdn.com/light_all/14/4671/6208.png
4671,6209,14,115,tiles/14/4671/6209.png,http://1.basemaps.cartocdn.com/light_all/14/4671/6209.png
4671,6210,14,115,tiles/14/4671/6210.png,http://1.basemaps.cartocdn.com/light_all/14/4671/6210.png
4671,6211,14,135,tiles/14/4671/6211.png,http://1.basemaps.cartocdn.com/light_all/14/4671/6211.png
4671,6212,14,113,tiles/14/4671/6212.png,http://1.basemaps.cartocdn.com/light_all/14/4671/6212.png
4671,6213,14,108,tiles/14/4671/6213.png,http://1.basemaps.cartocdn.com/light_all/14/4671/6213.png
4671,6214,14,113,tiles/14/4671/6214.png,http://1.basemaps.cartocdn.com/light_all/14/4671/6214.png
4671,6215,14,122,tiles/14/4671/6215.png,http://1.basemaps.cartocdn.com/light_all/14/4671/6215.png
4671,6216,14,194,tiles/14/4671/6216.png,http://1.basemaps.cartocdn.com/light_all/14/4671/6216.png
4671,6217,14,194,tiles/14/4671/6217.png,http://1.basemaps.cartocdn.com/light_all/14/4671/6217.png
4671,6218,14,195,tiles/14/4671/6218.png,http://1.basemaps.cartocdn.com/light_all/14/4671/6218.png
4671,6219,14,377,tiles/14/4671/6219.png,http://1.basemaps.cartocdn.com/light_all/14/4671/6219.png
4671,6220,14,458,tiles/14/4671/6220.png,http://1.basemaps.cartocdn.com/light_all/14/4671/6220.png
4671,6221,14,476,tiles/14/4671/6221.png,http://1.basemaps.cartocdn.com/light_all/14/4671/6221.png
4671,6222,14,163,tiles/14/4671/6222.png,http://1.basemaps.cartocdn.com/light_all/14/4671/6222.png
4671,6223,14,84,tiles/14/4671/6223.png,http://1.basemaps.cartocdn.com/light_all/14/4671/6223.png
4671,6224,14,87,tiles/14/4671/6224.png,http://1.basemaps.cartocdn.com/light_all/14/4671/6224.png
4671,6225,14,84,tiles/14/4671/6225.png,http://1.basemaps.cartocdn.com/light_all/14/4671/6225.png
4671,6226,14,84,tiles/14/4671/6226.png,http://1.basemaps.cartocdn.com/light_all/14/4671/6226.png
4671,6227,14,84,tiles/14/4671/6227.png,http://1.basemaps.cartocdn.com/light_all/14/4671/6227.png
4671,6228,14,114,tiles/14/4671/6228.png,http://1.basemaps.cartocdn.com/light_all/14/4671/6228.png
4671,6229,14,144,tiles/14/4671/6229.png,http://1.basemaps.cartocdn.com/light_all/14/4671/6229.png
4671,6230,14,157,tiles/14/4671/6230.png,http://1.basemaps.cartocdn.com/light_all/14/4671/6230.png
4671,6231,14,179,tiles/14/4671/6231.png,http://1.basemaps.cartocdn.com/light_all/14/4671/6231.png
4671,6232,14,845,tiles/14/4671/6232.png,http://1.basemaps.cartocdn.com/light_all/14/4671/6232.png
4671,6233,14,1332,tiles/14/4671/6233.png,http://1.basemaps.cartocdn.com/light_all/14/4671/6233.png
4671,6234,14,1699,tiles/14/4671/6234.png,http://1.basemaps.cartocdn.com/light_all/14/4671/6234.png
4671,6235,14,436,tiles/14/4671/6235.png,http://1.basemaps.cartocdn.com/light_all/14/4671/6235.png
4671,6236,14,904,tiles/14/4671/6236.png,http://1.basemaps.cartocdn.com/light_all/14/4671/6236.png
4671,6237,14,1793,tiles/14/4671/6237.png,http://1.basemaps.cartocdn.com/light_all/14/4671/6237.png
4671,6238,14,1192,tiles/14/4671/6238.png,http://1.basemaps.cartocdn.com/light_all/14/4671/6238.png
4671,6239,14,524,tiles/14/4671/6239.png,http://1.basemaps.cartocdn.com/light_all/14/4671/6239.png
4671,6240,14,655,tiles/14/4671/6240.png,http://1.basemaps.cartocdn.com/light_all/14/4671/6240.png
4671,6241,14,1907,tiles/14/4671/6241.png,http://1.basemaps.cartocdn.com/light_all/14/4671/6241.png
4671,6242,14,955,tiles/14/4671/6242.png,http://1.basemaps.cartocdn.com/light_all/14/4671/6242.png
4671,6243,14,219,tiles/14/4671/6243.png,http://1.basemaps.cartocdn.com/light_all/14/4671/6243.png
4671,6244,14,110,tiles/14/4671/6244.png,http://1.basemaps.cartocdn.com/light_all/14/4671/6244.png
4671,6245,14,107,tiles/14/4671/6245.png,http://1.basemaps.cartocdn.com/light_all/14/4671/6245.png
4671,6246,14,84,tiles/14/4671/6246.png,http://1.basemaps.cartocdn.com/light_all/14/4671/6246.png
4671,6247,14,83,tiles/14/4671/6247.png,http://1.basemaps.cartocdn.com/light_all/14/4671/6247.png
4671,6248,14,83,tiles/14/4671/6248.png,http://1.basemaps.cartocdn.com/light_all/14/4671/6248.png
4671,6249,14,83,tiles/14/4671/6249.png,http://1.basemaps.cartocdn.com/light_all/14/4671/6249.png
4671,6250,14,83,tiles/14/4671/6250.png,http://1.basemaps.cartocdn.com/light_all/14/4671/6250.png
4671,6251,14,83,tiles/14/4671/6251.png,http://1.basemaps.cartocdn.com/light_all/14/4671/6251.png
4671,6252,14,86,tiles/14/4671/6252.png,http://1.basemaps.cartocdn.com/light_all/14/4671/6252.png
4671,6253,14,169,tiles/14/4671/6253.png,http://1.basemaps.cartocdn.com/light_all/14/4671/6253.png
4671,6254,14,132,tiles/14/4671/6254.png,http://1.basemaps.cartocdn.com/light_all/14/4671/6254.png
4671,6255,14,124,tiles/14/4671/6255.png,http://1.basemaps.cartocdn.com/light_all/14/4671/6255.png
4671,6256,14,124,tiles/14/4671/6256.png,http://1.basemaps.cartocdn.com/light_all/14/4671/6256.png
4671,6257,14,264,tiles/14/4671/6257.png,http://1.basemaps.cartocdn.com/light_all/14/4671/6257.png
4671,6258,14,3946,tiles/14/4671/6258.png,http://1.basemaps.cartocdn.com/light_all/14/4671/6258.png
4671,6259,14,5043,tiles/14/4671/6259.png,http://1.basemaps.cartocdn.com/light_all/14/4671/6259.png
4671,6260,14,1555,tiles/14/4671/6260.png,http://1.basemaps.cartocdn.com/light_all/14/4671/6260.png
4671,6261,14,2125,tiles/14/4671/6261.png,http://1.basemaps.cartocdn.com/light_all/14/4671/6261.png
4671,6262,14,5245,tiles/14/4671/6262.png,http://1.basemaps.cartocdn.com/light_all/14/4671/6262.png
4671,6263,14,7363,tiles/14/4671/6263.png,http://1.basemaps.cartocdn.com/light_all/14/4671/6263.png
4671,6264,14,6144,tiles/14/4671/6264.png,http://1.basemaps.cartocdn.com/light_all/14/4671/6264.png
4671,6265,14,8290,tiles/14/4671/6265.png,http://1.basemaps.cartocdn.com/light_all/14/4671/6265.png
4671,6266,14,2039,tiles/14/4671/6266.png,http://1.basemaps.cartocdn.com/light_all/14/4671/6266.png
4671,6267,14,1776,tiles/14/4671/6267.png,http://1.basemaps.cartocdn.com/light_all/14/4671/6267.png
4671,6268,14,2624,tiles/14/4671/6268.png,http://1.basemaps.cartocdn.com/light_all/14/4671/6268.png
4671,6269,14,8123,tiles/14/4671/6269.png,http://1.basemaps.cartocdn.com/light_all/14/4671/6269.png
4671,6270,14,6435,tiles/14/4671/6270.png,http://1.basemaps.cartocdn.com/light_all/14/4671/6270.png
4672,6207,14,115,tiles/14/4672/6207.png,http://1.basemaps.cartocdn.com/light_all/14/4672/6207.png
4672,6208,14,115,tiles/14/4672/6208.png,http://1.basemaps.cartocdn.com/light_all/14/4672/6208.png
4672,6209,14,115,tiles/14/4672/6209.png,http://1.basemaps.cartocdn.com/light_all/14/4672/6209.png
4672,6210,14,115,tiles/14/4672/6210.png,http://1.basemaps.cartocdn.com/light_all/14/4672/6210.png
4672,6211,14,178,tiles/14/4672/6211.png,http://1.basemaps.cartocdn.com/light_all/14/4672/6211.png
4672,6212,14,194,tiles/14/4672/6212.png,http://1.basemaps.cartocdn.com/light_all/14/4672/6212.png
4672,6213,14,194,tiles/14/4672/6213.png,http://1.basemaps.cartocdn.com/light_all/14/4672/6213.png
4672,6214,14,194,tiles/14/4672/6214.png,http://1.basemaps.cartocdn.com/light_all/14/4672/6214.png
4672,6215,14,191,tiles/14/4672/6215.png,http://1.basemaps.cartocdn.com/light_all/14/4672/6215.png
4672,6216,14,194,tiles/14/4672/6216.png,http://1.basemaps.cartocdn.com/light_all/14/4672/6216.png
4672,6217,14,194,tiles/14/4672/6217.png,http://1.basemaps.cartocdn.com/light_all/14/4672/6217.png
4672,6218,14,195,tiles/14/4672/6218.png,http://1.basemaps.cartocdn.com/light_all/14/4672/6218.png
4672,6219,14,418,tiles/14/4672/6219.png,http://1.basemaps.cartocdn.com/light_all/14/4672/6219.png
4672,6220,14,492,tiles/14/4672/6220.png,http://1.basemaps.cartocdn.com/light_all/14/4672/6220.png
4672,6221,14,398,tiles/14/4672/6221.png,http://1.basemaps.cartocdn.com/light_all/14/4672/6221.png
4672,6222,14,167,tiles/14/4672/6222.png,http://1.basemaps.cartocdn.com/light_all/14/4672/6222.png
4672,6223,14,84,tiles/14/4672/6223.png,http://1.basemaps.cartocdn.com/light_all/14/4672/6223.png
4672,6224,14,84,tiles/14/4672/6224.png,http://1.basemaps.cartocdn.com/light_all/14/4672/6224.png
4672,6225,14,84,tiles/14/4672/6225.png,http://1.basemaps.cartocdn.com/light_all/14/4672/6225.png
4672,6226,14,84,tiles/14/4672/6226.png,http://1.basemaps.cartocdn.com/light_all/14/4672/6226.png
4672,6227,14,115,tiles/14/4672/6227.png,http://1.basemaps.cartocdn.com/light_all/14/4672/6227.png
4672,6228,14,169,tiles/14/4672/6228.png,http://1.basemaps.cartocdn.com/light_all/14/4672/6228.png
4672,6229,14,179,tiles/14/4672/6229.png,http://1.basemaps.cartocdn.com/light_all/14/4672/6229.png
4672,6230,14,179,tiles/14/4672/6230.png,http://1.basemaps.cartocdn.com/light_all/14/4672/6230.png
4672,6231,14,179,tiles/14/4672/6231.png,http://1.basemaps.cartocdn.com/light_all/14/4672/6231.png
4672,6232,14,518,tiles/14/4672/6232.png,http://1.basemaps.cartocdn.com/light_all/14/4672/6232.png
4672,6233,14,1196,tiles/14/4672/6233.png,http://1.basemaps.cartocdn.com/light_all/14/4672/6233.png
4672,6234,14,987,tiles/14/4672/6234.png,http://1.basemaps.cartocdn.com/light_all/14/4672/6234.png
4672,6235,14,249,tiles/14/4672/6235.png,http://1.basemaps.cartocdn.com/light_all/14/4672/6235.png
4672,6236,14,841,tiles/14/4672/6236.png,http://1.basemaps.cartocdn.com/light_all/14/4672/6236.png
4672,6237,14,2294,tiles/14/4672/6237.png,http://1.basemaps.cartocdn.com/light_all/14/4672/6237.png
4672,6238,14,1503,tiles/14/4672/6238.png,http://1.basemaps.cartocdn.com/light_all/14/4672/6238.png
4672,6239,14,524,tiles/14/4672/6239.png,http://1.basemaps.cartocdn.com/light_all/14/4672/6239.png
4672,6240,14,737,tiles/14/4672/6240.png,http://1.basemaps.cartocdn.com/light_all/14/4672/6240.png
4672,6241,14,2206,tiles/14/4672/6241.png,http://1.basemaps.cartocdn.com/light_all/14/4672/6241.png
4672,6242,14,1575,tiles/14/4672/6242.png,http://1.basemaps.cartocdn.com/light_all/14/4672/6242.png
4672,6243,14,574,tiles/14/4672/6243.png,http://1.basemaps.cartocdn.com/light_all/14/4672/6243.png
4672,6244,14,249,tiles/14/4672/6244.png,http://1.basemaps.cartocdn.com/light_all/14/4672/6244.png
4672,6245,14,117,tiles/14/4672/6245.png,http://1.basemaps.cartocdn.com/light_all/14/4672/6245.png
4672,6246,14,111,tiles/14/4672/6246.png,http://1.basemaps.cartocdn.com/light_all/14/4672/6246.png
4672,6247,14,129,tiles/14/4672/6247.png,http://1.basemaps.cartocdn.com/light_all/14/4672/6247.png
4672,6248,14,203,tiles/14/4672/6248.png,http://1.basemaps.cartocdn.com/light_all/14/4672/6248.png
4672,6249,14,154,tiles/14/4672/6249.png,http://1.basemaps.cartocdn.com/light_all/14/4672/6249.png
4672,6250,14,100,tiles/14/4672/6250.png,http://1.basemaps.cartocdn.com/light_all/14/4672/6250.png
4672,6251,14,514,tiles/14/4672/6251.png,http://1.basemaps.cartocdn.com/light_all/14/4672/6251.png
4672,6252,14,1345,tiles/14/4672/6252.png,http://1.basemaps.cartocdn.com/light_all/14/4672/6252.png
4672,6253,14,1492,tiles/14/4672/6253.png,http://1.basemaps.cartocdn.com/light_all/14/4672/6253.png
4672,6254,14,445,tiles/14/4672/6254.png,http://1.basemaps.cartocdn.com/light_all/14/4672/6254.png
4672,6255,14,461,tiles/14/4672/6255.png,http://1.basemaps.cartocdn.com/light_all/14/4672/6255.png
4672,6256,14,400,tiles/14/4672/6256.png,http://1.basemaps.cartocdn.com/light_all/14/4672/6256.png
4672,6257,14,567,tiles/14/4672/6257.png,http://1.basemaps.cartocdn.com/light_all/14/4672/6257.png
4672,6258,14,2736,tiles/14/4672/6258.png,http://1.basemaps.cartocdn.com/light_all/14/4672/6258.png
4672,6259,14,747,tiles/14/4672/6259.png,http://1.basemaps.cartocdn.com/light_all/14/4672/6259.png
4672,6260,14,1115,tiles/14/4672/6260.png,http://1.basemaps.cartocdn.com/light_all/14/4672/6260.png
4672,6261,14,1560,tiles/14/4672/6261.png,http://1.basemaps.cartocdn.com/light_all/14/4672/6261.png
4672,6262,14,4287,tiles/14/4672/6262.png,http://1.basemaps.cartocdn.com/light_all/14/4672/6262.png
4672,6263,14,7102,tiles/14/4672/6263.png,http://1.basemaps.cartocdn.com/light_all/14/4672/6263.png
4672,6264,14,3380,tiles/14/4672/6264.png,http://1.basemaps.cartocdn.com/light_all/14/4672/6264.png
4672,6265,14,5583,tiles/14/4672/6265.png,http://1.basemaps.cartocdn.com/light_all/14/4672/6265.png
4672,6266,14,1885,tiles/14/4672/6266.png,http://1.basemaps.cartocdn.com/light_all/14/4672/6266.png
4672,6267,14,1429,tiles/14/4672/6267.png,http://1.basemaps.cartocdn.com/light_all/14/4672/6267.png
4672,6268,14,1788,tiles/14/4672/6268.png,http://1.basemaps.cartocdn.com/light_all/14/4672/6268.png
4672,6269,14,4863,tiles/14/4672/6269.png,http://1.basemaps.cartocdn.com/light_all/14/4672/6269.png
4672,6270,14,4521,tiles/14/4672/6270.png,http://1.basemaps.cartocdn.com/light_all/14/4672/6270.png
4673,6207,14,115,tiles/14/4673/6207.png,http://1.basemaps.cartocdn.com/light_all/14/4673/6207.png
4673,6208,14,115,tiles/14/4673/6208.png,http://1.basemaps.cartocdn.com/light_all/14/4673/6208.png
4673,6209,14,115,tiles/14/4673/6209.png,http://1.basemaps.cartocdn.com/light_all/14/4673/6209.png
4673,6210,14,115,tiles/14/4673/6210.png,http://1.basemaps.cartocdn.com/light_all/14/4673/6210.png
4673,6211,14,147,tiles/14/4673/6211.png,http://1.basemaps.cartocdn.com/light_all/14/4673/6211.png
4673,6212,14,194,tiles/14/4673/6212.png,http://1.basemaps.cartocdn.com/light_all/14/4673/6212.png
4673,6213,14,194,tiles/14/4673/6213.png,http://1.basemaps.cartocdn.com/light_all/14/4673/6213.png
4673,6214,14,194,tiles/14/4673/6214.png,http://1.basemaps.cartocdn.com/light_all/14/4673/6214.png
4673,6215,14,194,tiles/14/4673/6215.png,http://1.basemaps.cartocdn.com/light_all/14/4673/6215.png
4673,6216,14,194,tiles/14/4673/6216.png,http://1.basemaps.cartocdn.com/light_all/14/4673/6216.png
4673,6217,14,194,tiles/14/4673/6217.png,http://1.basemaps.cartocdn.com/light_all/14/4673/6217.png
4673,6218,14,195,tiles/14/4673/6218.png,http://1.basemaps.cartocdn.com/light_all/14/4673/6218.png
4673,6219,14,418,tiles/14/4673/6219.png,http://1.basemaps.cartocdn.com/light_all/14/4673/6219.png
4673,6220,14,492,tiles/14/4673/6220.png,http://1.basemaps.cartocdn.com/light_all/14/4673/6220.png
4673,6221,14,370,tiles/14/4673/6221.png,http://1.basemaps.cartocdn.com/light_all/14/4673/6221.png
4673,6222,14,87,tiles/14/4673/6222.png,http://1.basemaps.cartocdn.com/light_all/14/4673/6222.png
4673,6223,14,83,tiles/14/4673/6223.png,http://1.basemaps.cartocdn.com/light_all/14/4673/6223.png
4673,6224,14,82,tiles/14/4673/6224.png,http://1.basemaps.cartocdn.com/light_all/14/4673/6224.png
4673,6225,14,83,tiles/14/4673/6225.png,http://1.basemaps.cartocdn.com/light_all/14/4673/6225.png
4673,6226,14,102,tiles/14/4673/6226.png,http://1.basemaps.cartocdn.com/light_all/14/4673/6226.png
4673,6227,14,155,tiles/14/4673/6227.png,http://1.basemaps.cartocdn.com/light_all/14/4673/6227.png
4673,6228,14,179,tiles/14/4673/6228.png,http://1.basemaps.cartocdn.com/light_all/14/4673/6228.png
4673,6229,14,177,tiles/14/4673/6229.png,http://1.basemaps.cartocdn.com/light_all/14/4673/6229.png
4673,6230,14,179,tiles/14/4673/6230.png,http://1.basemaps.cartocdn.com/light_all/14/4673/6230.png
4673,6231,14,179,tiles/14/4673/6231.png,http://1.basemaps.cartocdn.com/light_all/14/4673/6231.png
4673,6232,14,203,tiles/14/4673/6232.png,http://1.basemaps.cartocdn.com/light_all/14/4673/6232.png
4673,6233,14,235,tiles/14/4673/6233.png,http://1.basemaps.cartocdn.com/light_all/14/4673/6233.png
4673,6234,14,235,tiles/14/4673/6234.png,http://1.basemaps.cartocdn.com/light_all/14/4673/6234.png
4673,6235,14,235,tiles/14/4673/6235.png,http://1.basemaps.cartocdn.com/light_all/14/4673/6235.png
4673,6236,14,770,tiles/14/4673/6236.png,http://1.basemaps.cartocdn.com/light_all/14/4673/6236.png
4673,6237,14,1609,tiles/14/4673/6237.png,http://1.basemaps.cartocdn.com/light_all/14/4673/6237.png
4673,6238,14,1467,tiles/14/4673/6238.png,http://1.basemaps.cartocdn.com/light_all/14/4673/6238.png
4673,6239,14,593,tiles/14/4673/6239.png,http://1.basemaps.cartocdn.com/light_all/14/4673/6239.png
4673,6240,14,481,tiles/14/4673/6240.png,http://1.basemaps.cartocdn.com/light_all/14/4673/6240.png
4673,6241,14,407,tiles/14/4673/6241.png,http://1.basemaps.cartocdn.com/light_all/14/4673/6241.png
4673,6242,14,376,tiles/14/4673/6242.png,http://1.basemaps.cartocdn.com/light_all/14/4673/6242.png
4673,6243,14,404,tiles/14/4673/6243.png,http://1.basemaps.cartocdn.com/light_all/14/4673/6243.png
4673,6244,14,514,tiles/14/4673/6244.png,http://1.basemaps.cartocdn.com/light_all/14/4673/6244.png
4673,6245,14,350,tiles/14/4673/6245.png,http://1.basemaps.cartocdn.com/light_all/14/4673/6245.png
4673,6246,14,351,tiles/14/4673/6246.png,http://1.basemaps.cartocdn.com/light_all/14/4673/6246.png
4673,6247,14,355,tiles/14/4673/6247.png,http://1.basemaps.cartocdn.com/light_all/14/4673/6247.png
4673,6248,14,355,tiles/14/4673/6248.png,http://1.basemaps.cartocdn.com/light_all/14/4673/6248.png
4673,6249,14,355,tiles/14/4673/6249.png,http://1.basemaps.cartocdn.com/light_all/14/4673/6249.png
4673,6250,14,579,tiles/14/4673/6250.png,http://1.basemaps.cartocdn.com/light_all/14/4673/6250.png
4673,6251,14,1434,tiles/14/4673/6251.png,http://1.basemaps.cartocdn.com/light_all/14/4673/6251.png
4673,6252,14,1513,tiles/14/4673/6252.png,http://1.basemaps.cartocdn.com/light_all/14/4673/6252.png
4673,6253,14,1736,tiles/14/4673/6253.png,http://1.basemaps.cartocdn.com/light_all/14/4673/6253.png
4673,6254,14,776,tiles/14/4673/6254.png,http://1.basemaps.cartocdn.com/light_all/14/4673/6254.png
4673,6255,14,551,tiles/14/4673/6255.png,http://1.basemaps.cartocdn.com/light_all/14/4673/6255.png
4673,6256,14,551,tiles/14/4673/6256.png,http://1.basemaps.cartocdn.com/light_all/14/4673/6256.png
4673,6257,14,551,tiles/14/4673/6257.png,http://1.basemaps.cartocdn.com/light_all/14/4673/6257.png
4673,6258,14,518,tiles/14/4673/6258.png,http://1.basemaps.cartocdn.com/light_all/14/4673/6258.png
4673,6259,14,560,tiles/14/4673/6259.png,http://1.basemaps.cartocdn.com/light_all/14/4673/6259.png
4673,6260,14,1115,tiles/14/4673/6260.png,http://1.basemaps.cartocdn.com/light_all/14/4673/6260.png
4673,6261,14,1334,tiles/14/4673/6261.png,http://1.basemaps.cartocdn.com/light_all/14/4673/6261.png
4673,6262,14,1962,tiles/14/4673/6262.png,http://1.basemaps.cartocdn.com/light_all/14/4673/6262.png
4673,6263,14,1882,tiles/14/4673/6263.png,http://1.basemaps.cartocdn.com/light_all/14/4673/6263.png
4673,6264,14,1850,tiles/14/4673/6264.png,http://1.basemaps.cartocdn.com/light_all/14/4673/6264.png
4673,6265,14,2479,tiles/14/4673/6265.png,http://1.basemaps.cartocdn.com/light_all/14/4673/6265.png
4673,6266,14,1949,tiles/14/4673/6266.png,http://1.basemaps.cartocdn.com/light_all/14/4673/6266.png
4673,6267,14,2095,tiles/14/4673/6267.png,http://1.basemaps.cartocdn.com/light_all/14/4673/6267.png
4673,6268,14,3163,tiles/14/4673/6268.png,http://1.basemaps.cartocdn.com/light_all/14/4673/6268.png
4673,6269,14,7874,tiles/14/4673/6269.png,http://1.basemaps.cartocdn.com/light_all/14/4673/6269.png
4673,6270,14,5688,tiles/14/4673/6270.png,http://1.basemaps.cartocdn.com/light_all/14/4673/6270.png
4674,6207,14,168,tiles/14/4674/6207.png,http://1.basemaps.cartocdn.com/light_all/14/4674/6207.png
4674,6208,14,141,tiles/14/4674/6208.png,http://1.basemaps.cartocdn.com/light_all/14/4674/6208.png
4674,6209,14,115,tiles/14/4674/6209.png,http://1.basemaps.cartocdn.com/light_all/14/4674/6209.png
4674,6210,14,135,tiles/14/4674/6210.png,http://1.basemaps.cartocdn.com/light_all/14/4674/6210.png
4674,6211,14,323,tiles/14/4674/6211.png,http://1.basemaps.cartocdn.com/light_all/14/4674/6211.png
4674,6212,14,381,tiles/14/4674/6212.png,http://1.basemaps.cartocdn.com/light_all/14/4674/6212.png
4674,6213,14,215,tiles/14/4674/6213.png,http://1.basemaps.cartocdn.com/light_all/14/4674/6213.png
4674,6214,14,183,tiles/14/4674/6214.png,http://1.basemaps.cartocdn.com/light_all/14/4674/6214.png
4674,6215,14,192,tiles/14/4674/6215.png,http://1.basemaps.cartocdn.com/light_all/14/4674/6215.png
4674,6216,14,177,tiles/14/4674/6216.png,http://1.basemaps.cartocdn.com/light_all/14/4674/6216.png
4674,6217,14,191,tiles/14/4674/6217.png,http://1.basemaps.cartocdn.com/light_all/14/4674/6217.png
4674,6218,14,195,tiles/14/4674/6218.png,http://1.basemaps.cartocdn.com/light_all/14/4674/6218.png
4674,6219,14,197,tiles/14/4674/6219.png,http://1.basemaps.cartocdn.com/light_all/14/4674/6219.png
4674,6220,14,246,tiles/14/4674/6220.png,http://1.basemaps.cartocdn.com/light_all/14/4674/6220.png
4674,6221,14,354,tiles/14/4674/6221.png,http://1.basemaps.cartocdn.com/light_all/14/4674/6221.png
4674,6222,14,89,tiles/14/4674/6222.png,http://1.basemaps.cartocdn.com/light_all/14/4674/6222.png
4674,6223,14,84,tiles/14/4674/6223.png,http://1.basemaps.cartocdn.com/light_all/14/4674/6223.png
4674,6224,14,81,tiles/14/4674/6224.png,http://1.basemaps.cartocdn.com/light_all/14/4674/6224.png
4674,6225,14,84,tiles/14/4674/6225.png,http://1.basemaps.cartocdn.com/light_all/14/4674/6225.png
4674,6226,14,172,tiles/14/4674/6226.png,http://1.basemaps.cartocdn.com/light_all/14/4674/6226.png
4674,6227,14,179,tiles/14/4674/6227.png,http://1.basemaps.cartocdn.com/light_all/14/4674/6227.png
4674,6228,14,131,tiles/14/4674/6228.png,http://1.basemaps.cartocdn.com/light_all/14/4674/6228.png
4674,6229,14,113,tiles/14/4674/6229.png,http://1.basemaps.cartocdn.com/light_all/14/4674/6229.png
4674,6230,14,155,tiles/14/4674/6230.png,http://1.basemaps.cartocdn.com/light_all/14/4674/6230.png
4674,6231,14,179,tiles/14/4674/6231.png,http://1.basemaps.cartocdn.com/light_all/14/4674/6231.png
4674,6232,14,200,tiles/14/4674/6232.png,http://1.basemaps.cartocdn.com/light_all/14/4674/6232.png
4674,6233,14,214,tiles/14/4674/6233.png,http://1.basemaps.cartocdn.com/light_all/14/4674/6233.png
4674,6234,14,222,tiles/14/4674/6234.png,http://1.basemaps.cartocdn.com/light_all/14/4674/6234.png
4674,6235,14,242,tiles/14/4674/6235.png,http://1.basemaps.cartocdn.com/light_all/14/4674/6235.png
4674,6236,14,688,tiles/14/4674/6236.png,http://1.basemaps.cartocdn.com/light_all/14/4674/6236.png
4674,6237,14,1383,tiles/14/4674/6237.png,http://1.basemaps.cartocdn.com/light_all/14/4674/6237.png
4674,6238,14,1189,tiles/14/4674/6238.png,http://1.basemaps.cartocdn.com/light_all/14/4674/6238.png
4674,6239,14,658,tiles/14/4674/6239.png,http://1.basemaps.cartocdn.com/light_all/14/4674/6239.png
4674,6240,14,369,tiles/14/4674/6240.png,http://1.basemaps.cartocdn.com/light_all/14/4674/6240.png
4674,6241,14,370,tiles/14/4674/6241.png,http://1.basemaps.cartocdn.com/light_all/14/4674/6241.png
4674,6242,14,481,tiles/14/4674/6242.png,http://1.basemaps.cartocdn.com/light_all/14/4674/6242.png
4674,6243,14,1031,tiles/14/4674/6243.png,http://1.basemaps.cartocdn.com/light_all/14/4674/6243.png
4674,6244,14,476,tiles/14/4674/6244.png,http://1.basemaps.cartocdn.com/light_all/14/4674/6244.png
4674,6245,14,355,tiles/14/4674/6245.png,http://1.basemaps.cartocdn.com/light_all/14/4674/6245.png
4674,6246,14,355,tiles/14/4674/6246.png,http://1.basemaps.cartocdn.com/light_all/14/4674/6246.png
4674,6247,14,462,tiles/14/4674/6247.png,http://1.basemaps.cartocdn.com/light_all/14/4674/6247.png
4674,6248,14,659,tiles/14/4674/6248.png,http://1.basemaps.cartocdn.com/light_all/14/4674/6248.png
4674,6249,14,812,tiles/14/4674/6249.png,http://1.basemaps.cartocdn.com/light_all/14/4674/6249.png
4674,6250,14,5126,tiles/14/4674/6250.png,http://1.basemaps.cartocdn.com/light_all/14/4674/6250.png
4674,6251,14,7261,tiles/14/4674/6251.png,http://1.basemaps.cartocdn.com/light_all/14/4674/6251.png
4674,6252,14,2041,tiles/14/4674/6252.png,http://1.basemaps.cartocdn.com/light_all/14/4674/6252.png
4674,6253,14,1723,tiles/14/4674/6253.png,http://1.basemaps.cartocdn.com/light_all/14/4674/6253.png
4674,6254,14,788,tiles/14/4674/6254.png,http://1.basemaps.cartocdn.com/light_all/14/4674/6254.png
4674,6255,14,551,tiles/14/4674/6255.png,http://1.basemaps.cartocdn.com/light_all/14/4674/6255.png
4674,6256,14,566,tiles/14/4674/6256.png,http://1.basemaps.cartocdn.com/light_all/14/4674/6256.png
4674,6257,14,657,tiles/14/4674/6257.png,http://1.basemaps.cartocdn.com/light_all/14/4674/6257.png
4674,6258,14,664,tiles/14/4674/6258.png,http://1.basemaps.cartocdn.com/light_all/14/4674/6258.png
4674,6259,14,518,tiles/14/4674/6259.png,http://1.basemaps.cartocdn.com/light_all/14/4674/6259.png
4674,6260,14,657,tiles/14/4674/6260.png,http://1.basemaps.cartocdn.com/light_all/14/4674/6260.png
4674,6261,14,848,tiles/14/4674/6261.png,http://1.basemaps.cartocdn.com/light_all/14/4674/6261.png
4674,6262,14,1446,tiles/14/4674/6262.png,http://1.basemaps.cartocdn.com/light_all/14/4674/6262.png
4674,6263,14,1562,tiles/14/4674/6263.png,http://1.basemaps.cartocdn.com/light_all/14/4674/6263.png
4674,6264,14,2270,tiles/14/4674/6264.png,http://1.basemaps.cartocdn.com/light_all/14/4674/6264.png
4674,6265,14,1861,tiles/14/4674/6265.png,http://1.basemaps.cartocdn.com/light_all/14/4674/6265.png
4674,6266,14,2726,tiles/14/4674/6266.png,http://1.basemaps.cartocdn.com/light_all/14/4674/6266.png
4674,6267,14,4464,tiles/14/4674/6267.png,http://1.basemaps.cartocdn.com/light_all/14/4674/6267.png
4674,6268,14,7113,tiles/14/4674/6268.png,http://1.basemaps.cartocdn.com/light_all/14/4674/6268.png
4674,6269,14,7291,tiles/14/4674/6269.png,http://1.basemaps.cartocdn.com/light_all/14/4674/6269.png
4674,6270,14,4874,tiles/14/4674/6270.png,http://1.basemaps.cartocdn.com/light_all/14/4674/6270.png
4675,6207,14,201,tiles/14/4675/6207.png,http://1.basemaps.cartocdn.com/light_all/14/4675/6207.png
4675,6208,14,201,tiles/14/4675/6208.png,http://1.basemaps.cartocdn.com/light_all/14/4675/6208.png
4675,6209,14,179,tiles/14/4675/6209.png,http://1.basemaps.cartocdn.com/light_all/14/4675/6209.png
4675,6210,14,373,tiles/14/4675/6210.png,http://1.basemaps.cartocdn.com/light_all/14/4675/6210.png
4675,6211,14,484,tiles/14/4675/6211.png,http://1.basemaps.cartocdn.com/light_all/14/4675/6211.png
4675,6212,14,483,tiles/14/4675/6212.png,http://1.basemaps.cartocdn.com/light_all/14/4675/6212.png
4675,6213,14,181,tiles/14/4675/6213.png,http://1.basemaps.cartocdn.com/light_all/14/4675/6213.png
4675,6214,14,130,tiles/14/4675/6214.png,http://1.basemaps.cartocdn.com/light_all/14/4675/6214.png
4675,6215,14,135,tiles/14/4675/6215.png,http://1.basemaps.cartocdn.com/light_all/14/4675/6215.png
4675,6216,14,129,tiles/14/4675/6216.png,http://1.basemaps.cartocdn.com/light_all/14/4675/6216.png
4675,6217,14,133,tiles/14/4675/6217.png,http://1.basemaps.cartocdn.com/light_all/14/4675/6217.png
4675,6218,14,176,tiles/14/4675/6218.png,http://1.basemaps.cartocdn.com/light_all/14/4675/6218.png
4675,6219,14,111,tiles/14/4675/6219.png,http://1.basemaps.cartocdn.com/light_all/14/4675/6219.png
4675,6220,14,84,tiles/14/4675/6220.png,http://1.basemaps.cartocdn.com/light_all/14/4675/6220.png
4675,6221,14,84,tiles/14/4675/6221.png,http://1.basemaps.cartocdn.com/light_all/14/4675/6221.png
4675,6222,14,107,tiles/14/4675/6222.png,http://1.basemaps.cartocdn.com/light_all/14/4675/6222.png
4675,6223,14,83,tiles/14/4675/6223.png,http://1.basemaps.cartocdn.com/light_all/14/4675/6223.png
4675,6224,14,79,tiles/14/4675/6224.png,http://1.basemaps.cartocdn.com/light_all/14/4675/6224.png
4675,6225,14,80,tiles/14/4675/6225.png,http://1.basemaps.cartocdn.com/light_all/14/4675/6225.png
4675,6226,14,155,tiles/14/4675/6226.png,http://1.basemaps.cartocdn.com/light_all/14/4675/6226.png
4675,6227,14,160,tiles/14/4675/6227.png,http://1.basemaps.cartocdn.com/light_all/14/4675/6227.png
4675,6228,14,111,tiles/14/4675/6228.png,http://1.basemaps.cartocdn.com/light_all/14/4675/6228.png
4675,6229,14,111,tiles/14/4675/6229.png,http://1.basemaps.cartocdn.com/light_all/14/4675/6229.png
4675,6230,14,119,tiles/14/4675/6230.png,http://1.basemaps.cartocdn.com/light_all/14/4675/6230.png
4675,6231,14,167,tiles/14/4675/6231.png,http://1.basemaps.cartocdn.com/light_all/14/4675/6231.png
4675,6232,14,166,tiles/14/4675/6232.png,http://1.basemaps.cartocdn.com/light_all/14/4675/6232.png
4675,6233,14,166,tiles/14/4675/6233.png,http://1.basemaps.cartocdn.com/light_all/14/4675/6233.png
4675,6234,14,166,tiles/14/4675/6234.png,http://1.basemaps.cartocdn.com/light_all/14/4675/6234.png
4675,6235,14,418,tiles/14/4675/6235.png,http://1.basemaps.cartocdn.com/light_all/14/4675/6235.png
4675,6236,14,563,tiles/14/4675/6236.png,http://1.basemaps.cartocdn.com/light_all/14/4675/6236.png
4675,6237,14,563,tiles/14/4675/6237.png,http://1.basemaps.cartocdn.com/light_all/14/4675/6237.png
4675,6238,14,563,tiles/14/4675/6238.png,http://1.basemaps.cartocdn.com/light_all/14/4675/6238.png
4675,6239,14,646,tiles/14/4675/6239.png,http://1.basemaps.cartocdn.com/light_all/14/4675/6239.png
4675,6240,14,505,tiles/14/4675/6240.png,http://1.basemaps.cartocdn.com/light_all/14/4675/6240.png
4675,6241,14,370,tiles/14/4675/6241.png,http://1.basemaps.cartocdn.com/light_all/14/4675/6241.png
4675,6242,14,870,tiles/14/4675/6242.png,http://1.basemaps.cartocdn.com/light_all/14/4675/6242.png
4675,6243,14,662,tiles/14/4675/6243.png,http://1.basemaps.cartocdn.com/light_all/14/4675/6243.png
4675,6244,14,273,tiles/14/4675/6244.png,http://1.basemaps.cartocdn.com/light_all/14/4675/6244.png
4675,6245,14,355,tiles/14/4675/6245.png,http://1.basemaps.cartocdn.com/light_all/14/4675/6245.png
4675,6246,14,362,tiles/14/4675/6246.png,http://1.basemaps.cartocdn.com/light_all/14/4675/6246.png
4675,6247,14,1794,tiles/14/4675/6247.png,http://1.basemaps.cartocdn.com/light_all/14/4675/6247.png
4675,6248,14,2739,tiles/14/4675/6248.png,http://1.basemaps.cartocdn.com/light_all/14/4675/6248.png
4675,6249,14,5115,tiles/14/4675/6249.png,http://1.basemaps.cartocdn.com/light_all/14/4675/6249.png
4675,6250,14,8062,tiles/14/4675/6250.png,http://1.basemaps.cartocdn.com/light_all/14/4675/6250.png
4675,6251,14,10102,tiles/14/4675/6251.png,http://1.basemaps.cartocdn.com/light_all/14/4675/6251.png
4675,6252,14,8591,tiles/14/4675/6252.png,http://1.basemaps.cartocdn.com/light_all/14/4675/6252.png
4675,6253,14,2136,tiles/14/4675/6253.png,http://1.basemaps.cartocdn.com/light_all/14/4675/6253.png
4675,6254,14,1115,tiles/14/4675/6254.png,http://1.basemaps.cartocdn.com/light_all/14/4675/6254.png
4675,6255,14,2041,tiles/14/4675/6255.png,http://1.basemaps.cartocdn.com/light_all/14/4675/6255.png
4675,6256,14,1844,tiles/14/4675/6256.png,http://1.basemaps.cartocdn.com/light_all/14/4675/6256.png
4675,6257,14,703,tiles/14/4675/6257.png,http://1.basemaps.cartocdn.com/light_all/14/4675/6257.png
4675,6258,14,703,tiles/14/4675/6258.png,http://1.basemaps.cartocdn.com/light_all/14/4675/6258.png
4675,6259,14,641,tiles/14/4675/6259.png,http://1.basemaps.cartocdn.com/light_all/14/4675/6259.png
4675,6260,14,472,tiles/14/4675/6260.png,http://1.basemaps.cartocdn.com/light_all/14/4675/6260.png
4675,6261,14,472,tiles/14/4675/6261.png,http://1.basemaps.cartocdn.com/light_all/14/4675/6261.png
4675,6262,14,903,tiles/14/4675/6262.png,http://1.basemaps.cartocdn.com/light_all/14/4675/6262.png
4675,6263,14,1154,tiles/14/4675/6263.png,http://1.basemaps.cartocdn.com/light_all/14/4675/6263.png
4675,6264,14,1988,tiles/14/4675/6264.png,http://1.basemaps.cartocdn.com/light_all/14/4675/6264.png
4675,6265,14,2955,tiles/14/4675/6265.png,http://1.basemaps.cartocdn.com/light_all/14/4675/6265.png
4675,6266,14,3996,tiles/14/4675/6266.png,http://1.basemaps.cartocdn.com/light_all/14/4675/6266.png
4675,6267,14,5164,tiles/14/4675/6267.png,http://1.basemaps.cartocdn.com/light_all/14/4675/6267.png
4675,6268,14,7099,tiles/14/4675/6268.png,http://1.basemaps.cartocdn.com/light_all/14/4675/6268.png
4675,6269,14,7025,tiles/14/4675/6269.png,http://1.basemaps.cartocdn.com/light_all/14/4675/6269.png
4675,6270,14,4410,tiles/14/4675/6270.png,http://1.basemaps.cartocdn.com/light_all/14/4675/6270.png
4676,6207,14,201,tiles/14/4676/6207.png,http://1.basemaps.cartocdn.com/light_all/14/4676/6207.png
4676,6208,14,201,tiles/14/4676/6208.png,http://1.basemaps.cartocdn.com/light_all/14/4676/6208.png
4676,6209,14,313,tiles/14/4676/6209.png,http://1.basemaps.cartocdn.com/light_all/14/4676/6209.png
4676,6210,14,483,tiles/14/4676/6210.png,http://1.basemaps.cartocdn.com/light_all/14/4676/6210.png
4676,6211,14,503,tiles/14/4676/6211.png,http://1.basemaps.cartocdn.com/light_all/14/4676/6211.png
4676,6212,14,3210,tiles/14/4676/6212.png,http://1.basemaps.cartocdn.com/light_all/14/4676/6212.png
4676,6213,14,1082,tiles/14/4676/6213.png,http://1.basemaps.cartocdn.com/light_all/14/4676/6213.png
4676,6214,14,129,tiles/14/4676/6214.png,http://1.basemaps.cartocdn.com/light_all/14/4676/6214.png
4676,6215,14,129,tiles/14/4676/6215.png,http://1.basemaps.cartocdn.com/light_all/14/4676/6215.png
4676,6216,14,129,tiles/14/4676/6216.png,http://1.basemaps.cartocdn.com/light_all/14/4676/6216.png
4676,6217,14,129,tiles/14/4676/6217.png,http://1.basemaps.cartocdn.com/light_all/14/4676/6217.png
4676,6218,14,130,tiles/14/4676/6218.png,http://1.basemaps.cartocdn.com/light_all/14/4676/6218.png
4676,6219,14,102,tiles/14/4676/6219.png,http://1.basemaps.cartocdn.com/light_all/14/4676/6219.png
4676,6220,14,100,tiles/14/4676/6220.png,http://1.basemaps.cartocdn.com/light_all/14/4676/6220.png
4676,6221,14,101,tiles/14/4676/6221.png,http://1.basemaps.cartocdn.com/light_all/14/4676/6221.png
4676,6222,14,185,tiles/14/4676/6222.png,http://1.basemaps.cartocdn.com/light_all/14/4676/6222.png
4676,6223,14,141,tiles/14/4676/6223.png,http://1.basemaps.cartocdn.com/light_all/14/4676/6223.png
4676,6224,14,79,tiles/14/4676/6224.png,http://1.basemaps.cartocdn.com/light_all/14/4676/6224.png
4676,6225,14,79,tiles/14/4676/6225.png,http://1.basemaps.cartocdn.com/light_all/14/4676/6225.png
4676,6226,14,110,tiles/14/4676/6226.png,http://1.basemaps.cartocdn.com/light_all/14/4676/6226.png
4676,6227,14,116,tiles/14/4676/6227.png,http://1.basemaps.cartocdn.com/light_all/14/4676/6227.png
4676,6228,14,111,tiles/14/4676/6228.png,http://1.basemaps.cartocdn.com/light_all/14/4676/6228.png
4676,6229,14,111,tiles/14/4676/6229.png,http://1.basemaps.cartocdn.com/light_all/14/4676/6229.png
4676,6230,14,111,tiles/14/4676/6230.png,http://1.basemaps.cartocdn.com/light_all/14/4676/6230.png
4676,6231,14,146,tiles/14/4676/6231.png,http://1.basemaps.cartocdn.com/light_all/14/4676/6231.png
4676,6232,14,166,tiles/14/4676/6232.png,http://1.basemaps.cartocdn.com/light_all/14/4676/6232.png
4676,6233,14,166,tiles/14/4676/6233.png,http://1.basemaps.cartocdn.com/light_all/14/4676/6233.png
4676,6234,14,166,tiles/14/4676/6234.png,http://1.basemaps.cartocdn.com/light_all/14/4676/6234.png
4676,6235,14,271,tiles/14/4676/6235.png,http://1.basemaps.cartocdn.com/light_all/14/4676/6235.png
4676,6236,14,262,tiles/14/4676/6236.png,http://1.basemaps.cartocdn.com/light_all/14/4676/6236.png
4676,6237,14,528,tiles/14/4676/6237.png,http://1.basemaps.cartocdn.com/light_all/14/4676/6237.png
4676,6238,14,504,tiles/14/4676/6238.png,http://1.basemaps.cartocdn.com/light_all/14/4676/6238.png
4676,6239,14,575,tiles/14/4676/6239.png,http://1.basemaps.cartocdn.com/light_all/14/4676/6239.png
4676,6240,14,671,tiles/14/4676/6240.png,http://1.basemaps.cartocdn.com/light_all/14/4676/6240.png
4676,6241,14,402,tiles/14/4676/6241.png,http://1.basemaps.cartocdn.com/light_all/14/4676/6241.png
4676,6242,14,552,tiles/14/4676/6242.png,http://1.basemaps.cartocdn.com/light_all/14/4676/6242.png
4676,6243,14,229,tiles/14/4676/6243.png,http://1.basemaps.cartocdn.com/light_all/14/4676/6243.png
4676,6244,14,195,tiles/14/4676/6244.png,http://1.basemaps.cartocdn.com/light_all/14/4676/6244.png
4676,6245,14,274,tiles/14/4676/6245.png,http://1.basemaps.cartocdn.com/light_all/14/4676/6245.png
4676,6246,14,1639,tiles/14/4676/6246.png,http://1.basemaps.cartocdn.com/light_all/14/4676/6246.png
4676,6247,14,2069,tiles/14/4676/6247.png,http://1.basemaps.cartocdn.com/light_all/14/4676/6247.png
4676,6248,14,1132,tiles/14/4676/6248.png,http://1.basemaps.cartocdn.com/light_all/14/4676/6248.png
4676,6249,14,3244,tiles/14/4676/6249.png,http://1.basemaps.cartocdn.com/light_all/14/4676/6249.png
4676,6250,14,6552,tiles/14/4676/6250.png,http://1.basemaps.cartocdn.com/light_all/14/4676/6250.png
4676,6251,14,9002,tiles/14/4676/6251.png,http://1.basemaps.cartocdn.com/light_all/14/4676/6251.png
4676,6252,14,5646,tiles/14/4676/6252.png,http://1.basemaps.cartocdn.com/light_all/14/4676/6252.png
4676,6253,14,4151,tiles/14/4676/6253.png,http://1.basemaps.cartocdn.com/light_all/14/4676/6253.png
4676,6254,14,7038,tiles/14/4676/6254.png,http://1.basemaps.cartocdn.com/light_all/14/4676/6254.png
4676,6255,14,4959,tiles/14/4676/6255.png,http://1.basemaps.cartocdn.com/light_all/14/4676/6255.png
4676,6256,14,3999,tiles/14/4676/6256.png,http://1.basemaps.cartocdn.com/light_all/14/4676/6256.png
4676,6257,14,703,tiles/14/4676/6257.png,http://1.basemaps.cartocdn.com/light_all/14/4676/6257.png
4676,6258,14,703,tiles/14/4676/6258.png,http://1.basemaps.cartocdn.com/light_all/14/4676/6258.png
4676,6259,14,725,tiles/14/4676/6259.png,http://1.basemaps.cartocdn.com/light_all/14/4676/6259.png
4676,6260,14,674,tiles/14/4676/6260.png,http://1.basemaps.cartocdn.com/light_all/14/4676/6260.png
4676,6261,14,780,tiles/14/4676/6261.png,http://1.basemaps.cartocdn.com/light_all/14/4676/6261.png
4676,6262,14,663,tiles/14/4676/6262.png,http://1.basemaps.cartocdn.com/light_all/14/4676/6262.png
4676,6263,14,995,tiles/14/4676/6263.png,http://1.basemaps.cartocdn.com/light_all/14/4676/6263.png
4676,6264,14,1156,tiles/14/4676/6264.png,http://1.basemaps.cartocdn.com/light_all/14/4676/6264.png
4676,6265,14,3778,tiles/14/4676/6265.png,http://1.basemaps.cartocdn.com/light_all/14/4676/6265.png
4676,6266,14,4135,tiles/14/4676/6266.png,http://1.basemaps.cartocdn.com/light_all/14/4676/6266.png
4676,6267,14,5431,tiles/14/4676/6267.png,http://1.basemaps.cartocdn.com/light_all/14/4676/6267.png
4676,6268,14,7000,tiles/14/4676/6268.png,http://1.basemaps.cartocdn.com/light_all/14/4676/6268.png
4676,6269,14,7266,tiles/14/4676/6269.png,http://1.basemaps.cartocdn.com/light_all/14/4676/6269.png
4676,6270,14,5365,tiles/14/4676/6270.png,http://1.basemaps.cartocdn.com/light_all/14/4676/6270.png
4677,6207,14,201,tiles/14/4677/6207.png,http://1.basemaps.cartocdn.com/light_all/14/4677/6207.png
4677,6208,14,199,tiles/14/4677/6208.png,http://1.basemaps.cartocdn.com/light_all/14/4677/6208.png
4677,6209,14,282,tiles/14/4677/6209.png,http://1.basemaps.cartocdn.com/light_all/14/4677/6209.png
4677,6210,14,330,tiles/14/4677/6210.png,http://1.basemaps.cartocdn.com/light_all/14/4677/6210.png
4677,6211,14,345,tiles/14/4677/6211.png,http://1.basemaps.cartocdn.com/light_all/14/4677/6211.png
4677,6212,14,3319,tiles/14/4677/6212.png,http://1.basemaps.cartocdn.com/light_all/14/4677/6212.png
4677,6213,14,576,tiles/14/4677/6213.png,http://1.basemaps.cartocdn.com/light_all/14/4677/6213.png
4677,6214,14,129,tiles/14/4677/6214.png,http://1.basemaps.cartocdn.com/light_all/14/4677/6214.png
4677,6215,14,130,tiles/14/4677/6215.png,http://1.basemaps.cartocdn.com/light_all/14/4677/6215.png
4677,6216,14,146,tiles/14/4677/6216.png,http://1.basemaps.cartocdn.com/light_all/14/4677/6216.png
4677,6217,14,182,tiles/14/4677/6217.png,http://1.basemaps.cartocdn.com/light_all/14/4677/6217.png
4677,6218,14,167,tiles/14/4677/6218.png,http://1.basemaps.cartocdn.com/light_all/14/4677/6218.png
4677,6219,14,134,tiles/14/4677/6219.png,http://1.basemaps.cartocdn.com/light_all/14/4677/6219.png
4677,6220,14,149,tiles/14/4677/6220.png,http://1.basemaps.cartocdn.com/light_all/14/4677/6220.png
4677,6221,14,214,tiles/14/4677/6221.png,http://1.basemaps.cartocdn.com/light_all/14/4677/6221.png
4677,6222,14,214,tiles/14/4677/6222.png,http://1.basemaps.cartocdn.com/light_all/14/4677/6222.png
4677,6223,14,213,tiles/14/4677/6223.png,http://1.basemaps.cartocdn.com/light_all/14/4677/6223.png
4677,6224,14,93,tiles/14/4677/6224.png,http://1.basemaps.cartocdn.com/light_all/14/4677/6224.png
4677,6225,14,79,tiles/14/4677/6225.png,http://1.basemaps.cartocdn.com/light_all/14/4677/6225.png
4677,6226,14,79,tiles/14/4677/6226.png,http://1.basemaps.cartocdn.com/light_all/14/4677/6226.png
4677,6227,14,97,tiles/14/4677/6227.png,http://1.basemaps.cartocdn.com/light_all/14/4677/6227.png
4677,6228,14,111,tiles/14/4677/6228.png,http://1.basemaps.cartocdn.com/light_all/14/4677/6228.png
4677,6229,14,111,tiles/14/4677/6229.png,http://1.basemaps.cartocdn.com/light_all/14/4677/6229.png
4677,6230,14,111,tiles/14/4677/6230.png,http://1.basemaps.cartocdn.com/light_all/14/4677/6230.png
4677,6231,14,145,tiles/14/4677/6231.png,http://1.basemaps.cartocdn.com/light_all/14/4677/6231.png
4677,6232,14,166,tiles/14/4677/6232.png,http://1.basemaps.cartocdn.com/light_all/14/4677/6232.png
4677,6233,14,166,tiles/14/4677/6233.png,http://1.basemaps.cartocdn.com/light_all/14/4677/6233.png
4677,6234,14,166,tiles/14/4677/6234.png,http://1.basemaps.cartocdn.com/light_all/14/4677/6234.png
4677,6235,14,202,tiles/14/4677/6235.png,http://1.basemaps.cartocdn.com/light_all/14/4677/6235.png
4677,6236,14,212,tiles/14/4677/6236.png,http://1.basemaps.cartocdn.com/light_all/14/4677/6236.png
4677,6237,14,318,tiles/14/4677/6237.png,http://1.basemaps.cartocdn.com/light_all/14/4677/6237.png
4677,6238,14,231,tiles/14/4677/6238.png,http://1.basemaps.cartocdn.com/light_all/14/4677/6238.png
4677,6239,14,322,tiles/14/4677/6239.png,http://1.basemaps.cartocdn.com/light_all/14/4677/6239.png
4677,6240,14,699,tiles/14/4677/6240.png,http://1.basemaps.cartocdn.com/light_all/14/4677/6240.png
4677,6241,14,663,tiles/14/4677/6241.png,http://1.basemaps.cartocdn.com/light_all/14/4677/6241.png
4677,6242,14,270,tiles/14/4677/6242.png,http://1.basemaps.cartocdn.com/light_all/14/4677/6242.png
4677,6243,14,195,tiles/14/4677/6243.png,http://1.basemaps.cartocdn.com/light_all/14/4677/6243.png
4677,6244,14,547,tiles/14/4677/6244.png,http://1.basemaps.cartocdn.com/light_all/14/4677/6244.png
4677,6245,14,2805,tiles/14/4677/6245.png,http://1.basemaps.cartocdn.com/light_all/14/4677/6245.png
4677,6246,14,1405,tiles/14/4677/6246.png,http://1.basemaps.cartocdn.com/light_all/14/4677/6246.png
4677,6247,14,1034,tiles/14/4677/6247.png,http://1.basemaps.cartocdn.com/light_all/14/4677/6247.png
4677,6248,14,1034,tiles/14/4677/6248.png,http://1.basemaps.cartocdn.com/light_all/14/4677/6248.png
4677,6249,14,2046,tiles/14/4677/6249.png,http://1.basemaps.cartocdn.com/light_all/14/4677/6249.png
4677,6250,14,5932,tiles/14/4677/6250.png,http://1.basemaps.cartocdn.com/light_all/14/4677/6250.png
4677,6251,14,7510,tiles/14/4677/6251.png,http://1.basemaps.cartocdn.com/light_all/14/4677/6251.png
4677,6252,14,4974,tiles/14/4677/6252.png,http://1.basemaps.cartocdn.com/light_all/14/4677/6252.png
4677,6253,14,6082,tiles/14/4677/6253.png,http://1.basemaps.cartocdn.com/light_all/14/4677/6253.png
4677,6254,14,5390,tiles/14/4677/6254.png,http://1.basemaps.cartocdn.com/light_all/14/4677/6254.png
4677,6255,14,6879,tiles/14/4677/6255.png,http://1.basemaps.cartocdn.com/light_all/14/4677/6255.png
4677,6256,14,5172,tiles/14/4677/6256.png,http://1.basemaps.cartocdn.com/light_all/14/4677/6256.png
4677,6257,14,1814,tiles/14/4677/6257.png,http://1.basemaps.cartocdn.com/light_all/14/4677/6257.png
4677,6258,14,1919,tiles/14/4677/6258.png,http://1.basemaps.cartocdn.com/light_all/14/4677/6258.png
4677,6259,14,1911,tiles/14/4677/6259.png,http://1.basemaps.cartocdn.com/light_all/14/4677/6259.png
4677,6260,14,951,tiles/14/4677/6260.png,http://1.basemaps.cartocdn.com/light_all/14/4677/6260.png
4677,6261,14,1016,tiles/14/4677/6261.png,http://1.basemaps.cartocdn.com/light_all/14/4677/6261.png
4677,6262,14,797,tiles/14/4677/6262.png,http://1.basemaps.cartocdn.com/light_all/14/4677/6262.png
4677,6263,14,682,tiles/14/4677/6263.png,http://1.basemaps.cartocdn.com/light_all/14/4677/6263.png
4677,6264,14,1899,tiles/14/4677/6264.png,http://1.basemaps.cartocdn.com/light_all/14/4677/6264.png
4677,6265,14,3447,tiles/14/4677/6265.png,http://1.basemaps.cartocdn.com/light_all/14/4677/6265.png
4677,6266,14,6067,tiles/14/4677/6266.png,http://1.basemaps.cartocdn.com/light_all/14/4677/6266.png
4677,6267,14,8322,tiles/14/4677/6267.png,http://1.basemaps.cartocdn.com/light_all/14/4677/6267.png
4677,6268,14,7190,tiles/14/4677/6268.png,http://1.basemaps.cartocdn.com/light_all/14/4677/6268.png
4677,6269,14,5389,tiles/14/4677/6269.png,http://1.basemaps.cartocdn.com/light_all/14/4677/6269.png
4677,6270,14,4084,tiles/14/4677/6270.png,http://1.basemaps.cartocdn.com/light_all/14/4677/6270.png
4678,6207,14,200,tiles/14/4678/6207.png,http://1.basemaps.cartocdn.com/light_all/14/4678/6207.png
4678,6208,14,194,tiles/14/4678/6208.png,http://1.basemaps.cartocdn.com/light_all/14/4678/6208.png
4678,6209,14,194,tiles/14/4678/6209.png,http://1.basemaps.cartocdn.com/light_all/14/4678/6209.png
4678,6210,14,194,tiles/14/4678/6210.png,http://1.basemaps.cartocdn.com/light_all/14/4678/6210.png
4678,6211,14,194,tiles/14/4678/6211.png,http://1.basemaps.cartocdn.com/light_all/14/4678/6211.png
4678,6212,14,194,tiles/14/4678/6212.png,http://1.basemaps.cartocdn.com/light_all/14/4678/6212.png
4678,6213,14,192,tiles/14/4678/6213.png,http://1.basemaps.cartocdn.com/light_all/14/4678/6213.png
4678,6214,14,184,tiles/14/4678/6214.png,http://1.basemaps.cartocdn.com/light_all/14/4678/6214.png
4678,6215,14,183,tiles/14/4678/6215.png,http://1.basemaps.cartocdn.com/light_all/14/4678/6215.png
4678,6216,14,188,tiles/14/4678/6216.png,http://1.basemaps.cartocdn.com/light_all/14/4678/6216.png
4678,6217,14,190,tiles/14/4678/6217.png,http://1.basemaps.cartocdn.com/light_all/14/4678/6217.png
4678,6218,14,190,tiles/14/4678/6218.png,http://1.basemaps.cartocdn.com/light_all/14/4678/6218.png
4678,6219,14,208,tiles/14/4678/6219.png,http://1.basemaps.cartocdn.com/light_all/14/4678/6219.png
4678,6220,14,214,tiles/14/4678/6220.png,http://1.basemaps.cartocdn.com/light_all/14/4678/6220.png
4678,6221,14,214,tiles/14/4678/6221.png,http://1.basemaps.cartocdn.com/light_all/14/4678/6221.png
4678,6222,14,214,tiles/14/4678/6222.png,http://1.basemaps.cartocdn.com/light_all/14/4678/6222.png
4678,6223,14,214,tiles/14/4678/6223.png,http://1.basemaps.cartocdn.com/light_all/14/4678/6223.png
4678,6224,14,136,tiles/14/4678/6224.png,http://1.basemaps.cartocdn.com/light_all/14/4678/6224.png
4678,6225,14,79,tiles/14/4678/6225.png,http://1.basemaps.cartocdn.com/light_all/14/4678/6225.png
4678,6226,14,80,tiles/14/4678/6226.png,http://1.basemaps.cartocdn.com/light_all/14/4678/6226.png
4678,6227,14,133,tiles/14/4678/6227.png,http://1.basemaps.cartocdn.com/light_all/14/4678/6227.png
4678,6228,14,113,tiles/14/4678/6228.png,http://1.basemaps.cartocdn.com/light_all/14/4678/6228.png
4678,6229,14,111,tiles/14/4678/6229.png,http://1.basemaps.cartocdn.com/light_all/14/4678/6229.png
4678,6230,14,111,tiles/14/4678/6230.png,http://1.basemaps.cartocdn.com/light_all/14/4678/6230.png
4678,6231,14,117,tiles/14/4678/6231.png,http://1.basemaps.cartocdn.com/light_all/14/4678/6231.png
4678,6232,14,155,tiles/14/4678/6232.png,http://1.basemaps.cartocdn.com/light_all/14/4678/6232.png
4678,6233,14,166,tiles/14/4678/6233.png,http://1.basemaps.cartocdn.com/light_all/14/4678/6233.png
4678,6234,14,178,tiles/14/4678/6234.png,http://1.basemaps.cartocdn.com/light_all/14/4678/6234.png
4678,6235,14,212,tiles/14/4678/6235.png,http://1.basemaps.cartocdn.com/light_all/14/4678/6235.png
4678,6236,14,212,tiles/14/4678/6236.png,http://1.basemaps.cartocdn.com/light_all/14/4678/6236.png
4678,6237,14,212,tiles/14/4678/6237.png,http://1.basemaps.cartocdn.com/light_all/14/4678/6237.png
4678,6238,14,341,tiles/14/4678/6238.png,http://1.basemaps.cartocdn.com/light_all/14/4678/6238.png
4678,6239,14,924,tiles/14/4678/6239.png,http://1.basemaps.cartocdn.com/light_all/14/4678/6239.png
4678,6240,14,720,tiles/14/4678/6240.png,http://1.basemaps.cartocdn.com/light_all/14/4678/6240.png
4678,6241,14,560,tiles/14/4678/6241.png,http://1.basemaps.cartocdn.com/light_all/14/4678/6241.png
4678,6242,14,195,tiles/14/4678/6242.png,http://1.basemaps.cartocdn.com/light_all/14/4678/6242.png
4678,6243,14,278,tiles/14/4678/6243.png,http://1.basemaps.cartocdn.com/light_all/14/4678/6243.png
4678,6244,14,800,tiles/14/4678/6244.png,http://1.basemaps.cartocdn.com/light_all/14/4678/6244.png
4678,6245,14,1693,tiles/14/4678/6245.png,http://1.basemaps.cartocdn.com/light_all/14/4678/6245.png
4678,6246,14,1802,tiles/14/4678/6246.png,http://1.basemaps.cartocdn.com/light_all/14/4678/6246.png
4678,6247,14,1195,tiles/14/4678/6247.png,http://1.basemaps.cartocdn.com/light_all/14/4678/6247.png
4678,6248,14,819,tiles/14/4678/6248.png,http://1.basemaps.cartocdn.com/light_all/14/4678/6248.png
4678,6249,14,987,tiles/14/4678/6249.png,http://1.basemaps.cartocdn.com/light_all/14/4678/6249.png
4678,6250,14,6615,tiles/14/4678/6250.png,http://1.basemaps.cartocdn.com/light_all/14/4678/6250.png
4678,6251,14,9411,tiles/14/4678/6251.png,http://1.basemaps.cartocdn.com/light_all/14/4678/6251.png
4678,6252,14,12167,tiles/14/4678/6252.png,http://1.basemaps.cartocdn.com/light_all/14/4678/6252.png
4678,6253,14,8830,tiles/14/4678/6253.png,http://1.basemaps.cartocdn.com/light_all/14/4678/6253.png
4678,6254,14,7120,tiles/14/4678/6254.png,http://1.basemaps.cartocdn.com/light_all/14/4678/6254.png
4678,6255,14,5785,tiles/14/4678/6255.png,http://1.basemaps.cartocdn.com/light_all/14/4678/6255.png
4678,6256,14,5270,tiles/14/4678/6256.png,http://1.basemaps.cartocdn.com/light_all/14/4678/6256.png
4678,6257,14,2806,tiles/14/4678/6257.png,http://1.basemaps.cartocdn.com/light_all/14/4678/6257.png
4678,6258,14,2412,tiles/14/4678/6258.png,http://1.basemaps.cartocdn.com/light_all/14/4678/6258.png
4678,6259,14,2176,tiles/14/4678/6259.png,http://1.basemaps.cartocdn.com/light_all/14/4678/6259.png
4678,6260,14,1651,tiles/14/4678/6260.png,http://1.basemaps.cartocdn.com/light_all/14/4678/6260.png
4678,6261,14,1690,tiles/14/4678/6261.png,http://1.basemaps.cartocdn.com/light_all/14/4678/6261.png
4678,6262,14,1127,tiles/14/4678/6262.png,http://1.basemaps.cartocdn.com/light_all/14/4678/6262.png
4678,6263,14,638,tiles/14/4678/6263.png,http://1.basemaps.cartocdn.com/light_all/14/4678/6263.png
4678,6264,14,2823,tiles/14/4678/6264.png,http://1.basemaps.cartocdn.com/light_all/14/4678/6264.png
4678,6265,14,5293,tiles/14/4678/6265.png,http://1.basemaps.cartocdn.com/light_all/14/4678/6265.png
4678,6266,14,7287,tiles/14/4678/6266.png,http://1.basemaps.cartocdn.com/light_all/14/4678/6266.png
4678,6267,14,8142,tiles/14/4678/6267.png,http://1.basemaps.cartocdn.com/light_all/14/4678/6267.png
4678,6268,14,8580,tiles/14/4678/6268.png,http://1.basemaps.cartocdn.com/light_all/14/4678/6268.png
4678,6269,14,8717,tiles/14/4678/6269.png,http://1.basemaps.cartocdn.com/light_all/14/4678/6269.png
4678,6270,14,5874,tiles/14/4678/6270.png,http://1.basemaps.cartocdn.com/light_all/14/4678/6270.png
4679,6207,14,196,tiles/14/4679/6207.png,http://1.basemaps.cartocdn.com/light_all/14/4679/6207.png
4679,6208,14,194,tiles/14/4679/6208.png,http://1.basemaps.cartocdn.com/light_all/14/4679/6208.png
4679,6209,14,194,tiles/14/4679/6209.png,http://1.basemaps.cartocdn.com/light_all/14/4679/6209.png
4679,6210,14,194,tiles/14/4679/6210.png,http://1.basemaps.cartocdn.com/light_all/14/4679/6210.png
4679,6211,14,194,tiles/14/4679/6211.png,http://1.basemaps.cartocdn.com/light_all/14/4679/6211.png
4679,6212,14,222,tiles/14/4679/6212.png,http://1.basemaps.cartocdn.com/light_all/14/4679/6212.png
4679,6213,14,253,tiles/14/4679/6213.png,http://1.basemaps.cartocdn.com/light_all/14/4679/6213.png
4679,6214,14,207,tiles/14/4679/6214.png,http://1.basemaps.cartocdn.com/light_all/14/4679/6214.png
4679,6215,14,190,tiles/14/4679/6215.png,http://1.basemaps.cartocdn.com/light_all/14/4679/6215.png
4679,6216,14,190,tiles/14/4679/6216.png,http://1.basemaps.cartocdn.com/light_all/14/4679/6216.png
4679,6217,14,190,tiles/14/4679/6217.png,http://1.basemaps.cartocdn.com/light_all/14/4679/6217.png
4679,6218,14,190,tiles/14/4679/6218.png,http://1.basemaps.cartocdn.com/light_all/14/4679/6218.png
4679,6219,14,208,tiles/14/4679/6219.png,http://1.basemaps.cartocdn.com/light_all/14/4679/6219.png
4679,6220,14,214,tiles/14/4679/6220.png,http://1.basemaps.cartocdn.com/light_all/14/4679/6220.png
4679,6221,14,214,tiles/14/4679/6221.png,http://1.basemaps.cartocdn.com/light_all/14/4679/6221.png
4679,6222,14,277,tiles/14/4679/6222.png,http://1.basemaps.cartocdn.com/light_all/14/4679/6222.png
4679,6223,14,221,tiles/14/4679/6223.png,http://1.basemaps.cartocdn.com/light_all/14/4679/6223.png
4679,6224,14,210,tiles/14/4679/6224.png,http://1.basemaps.cartocdn.com/light_all/14/4679/6224.png
4679,6225,14,124,tiles/14/4679/6225.png,http://1.basemaps.cartocdn.com/light_all/14/4679/6225.png
4679,6226,14,153,tiles/14/4679/6226.png,http://1.basemaps.cartocdn.com/light_all/14/4679/6226.png
4679,6227,14,289,tiles/14/4679/6227.png,http://1.basemaps.cartocdn.com/light_all/14/4679/6227.png
4679,6228,14,235,tiles/14/4679/6228.png,http://1.basemaps.cartocdn.com/light_all/14/4679/6228.png
4679,6229,14,130,tiles/14/4679/6229.png,http://1.basemaps.cartocdn.com/light_all/14/4679/6229.png
4679,6230,14,117,tiles/14/4679/6230.png,http://1.basemaps.cartocdn.com/light_all/14/4679/6230.png
4679,6231,14,111,tiles/14/4679/6231.png,http://1.basemaps.cartocdn.com/light_all/14/4679/6231.png
4679,6232,14,133,tiles/14/4679/6232.png,http://1.basemaps.cartocdn.com/light_all/14/4679/6232.png
4679,6233,14,166,tiles/14/4679/6233.png,http://1.basemaps.cartocdn.com/light_all/14/4679/6233.png
4679,6234,14,178,tiles/14/4679/6234.png,http://1.basemaps.cartocdn.com/light_all/14/4679/6234.png
4679,6235,14,212,tiles/14/4679/6235.png,http://1.basemaps.cartocdn.com/light_all/14/4679/6235.png
4679,6236,14,212,tiles/14/4679/6236.png,http://1.basemaps.cartocdn.com/light_all/14/4679/6236.png
4679,6237,14,212,tiles/14/4679/6237.png,http://1.basemaps.cartocdn.com/light_all/14/4679/6237.png
4679,6238,14,907,tiles/14/4679/6238.png,http://1.basemaps.cartocdn.com/light_all/14/4679/6238.png
4679,6239,14,1255,tiles/14/4679/6239.png,http://1.basemaps.cartocdn.com/light_all/14/4679/6239.png
4679,6240,14,885,tiles/14/4679/6240.png,http://1.basemaps.cartocdn.com/light_all/14/4679/6240.png
4679,6241,14,328,tiles/14/4679/6241.png,http://1.basemaps.cartocdn.com/light_all/14/4679/6241.png
4679,6242,14,232,tiles/14/4679/6242.png,http://1.basemaps.cartocdn.com/light_all/14/4679/6242.png
4679,6243,14,232,tiles/14/4679/6243.png,http://1.basemaps.cartocdn.com/light_all/14/4679/6243.png
4679,6244,14,495,tiles/14/4679/6244.png,http://1.basemaps.cartocdn.com/light_all/14/4679/6244.png
4679,6245,14,687,tiles/14/4679/6245.png,http://1.basemaps.cartocdn.com/light_all/14/4679/6245.png
4679,6246,14,1567,tiles/14/4679/6246.png,http://1.basemaps.cartocdn.com/light_all/14/4679/6246.png
4679,6247,14,1222,tiles/14/4679/6247.png,http://1.basemaps.cartocdn.com/light_all/14/4679/6247.png
4679,6248,14,571,tiles/14/4679/6248.png,http://1.basemaps.cartocdn.com/light_all/14/4679/6248.png
4679,6249,14,537,tiles/14/4679/6249.png,http://1.basemaps.cartocdn.com/light_all/14/4679/6249.png
4679,6250,14,5198,tiles/14/4679/6250.png,http://1.basemaps.cartocdn.com/light_all/14/4679/6250.png
4679,6251,14,7327,tiles/14/4679/6251.png,http://1.basemaps.cartocdn.com/light_all/14/4679/6251.png
4679,6252,14,10448,tiles/14/4679/6252.png,http://1.basemaps.cartocdn.com/light_all/14/4679/6252.png
4679,6253,14,8063,tiles/14/4679/6253.png,http://1.basemaps.cartocdn.com/light_all/14/4679/6253.png
4679,6254,14,5241,tiles/14/4679/6254.png,http://1.basemaps.cartocdn.com/light_all/14/4679/6254.png
4679,6255,14,4798,tiles/14/4679/6255.png,http://1.basemaps.cartocdn.com/light_all/14/4679/6255.png
4679,6256,14,4998,tiles/14/4679/6256.png,http://1.basemaps.cartocdn.com/light_all/14/4679/6256.png
4679,6257,14,4830,tiles/14/4679/6257.png,http://1.basemaps.cartocdn.com/light_all/14/4679/6257.png
4679,6258,14,4787,tiles/14/4679/6258.png,http://1.basemaps.cartocdn.com/light_all/14/4679/6258.png
4679,6259,14,4261,tiles/14/4679/6259.png,http://1.basemaps.cartocdn.com/light_all/14/4679/6259.png
4679,6260,14,2141,tiles/14/4679/6260.png,http://1.basemaps.cartocdn.com/light_all/14/4679/6260.png
4679,6261,14,1686,tiles/14/4679/6261.png,http://1.basemaps.cartocdn.com/light_all/14/4679/6261.png
4679,6262,14,1712,tiles/14/4679/6262.png,http://1.basemaps.cartocdn.com/light_all/14/4679/6262.png
4679,6263,14,1384,tiles/14/4679/6263.png,http://1.basemaps.cartocdn.com/light_all/14/4679/6263.png
4679,6264,14,3248,tiles/14/4679/6264.png,http://1.basemaps.cartocdn.com/light_all/14/4679/6264.png
4679,6265,14,4575,tiles/14/4679/6265.png,http://1.basemaps.cartocdn.com/light_all/14/4679/6265.png
4679,6266,14,5802,tiles/14/4679/6266.png,http://1.basemaps.cartocdn.com/light_all/14/4679/6266.png
4679,6267,14,5728,tiles/14/4679/6267.png,http://1.basemaps.cartocdn.com/light_all/14/4679/6267.png
4679,6268,14,9615,tiles/14/4679/6268.png,http://1.basemaps.cartocdn.com/light_all/14/4679/6268.png
4679,6269,14,8386,tiles/14/4679/6269.png,http://1.basemaps.cartocdn.com/light_all/14/4679/6269.png
4679,6270,14,4549,tiles/14/4679/6270.png,http://1.basemaps.cartocdn.com/light_all/14/4679/6270.png
4680,6207,14,192,tiles/14/4680/6207.png,http://1.basemaps.cartocdn.com/light_all/14/4680/6207.png
4680,6208,14,194,tiles/14/4680/6208.png,http://1.basemaps.cartocdn.com/light_all/14/4680/6208.png
4680,6209,14,194,tiles/14/4680/6209.png,http://1.basemaps.cartocdn.com/light_all/14/4680/6209.png
4680,6210,14,194,tiles/14/4680/6210.png,http://1.basemaps.cartocdn.com/light_all/14/4680/6210.png
4680,6211,14,218,tiles/14/4680/6211.png,http://1.basemaps.cartocdn.com/light_all/14/4680/6211.png
4680,6212,14,292,tiles/14/4680/6212.png,http://1.basemaps.cartocdn.com/light_all/14/4680/6212.png
4680,6213,14,292,tiles/14/4680/6213.png,http://1.basemaps.cartocdn.com/light_all/14/4680/6213.png
4680,6214,14,274,tiles/14/4680/6214.png,http://1.basemaps.cartocdn.com/light_all/14/4680/6214.png
4680,6215,14,190,tiles/14/4680/6215.png,http://1.basemaps.cartocdn.com/light_all/14/4680/6215.png
4680,6216,14,190,tiles/14/4680/6216.png,http://1.basemaps.cartocdn.com/light_all/14/4680/6216.png
4680,6217,14,190,tiles/14/4680/6217.png,http://1.basemaps.cartocdn.com/light_all/14/4680/6217.png
4680,6218,14,246,tiles/14/4680/6218.png,http://1.basemaps.cartocdn.com/light_all/14/4680/6218.png
4680,6219,14,238,tiles/14/4680/6219.png,http://1.basemaps.cartocdn.com/light_all/14/4680/6219.png
4680,6220,14,214,tiles/14/4680/6220.png,http://1.basemaps.cartocdn.com/light_all/14/4680/6220.png
4680,6221,14,372,tiles/14/4680/6221.png,http://1.basemaps.cartocdn.com/light_all/14/4680/6221.png
4680,6222,14,710,tiles/14/4680/6222.png,http://1.basemaps.cartocdn.com/light_all/14/4680/6222.png
4680,6223,14,453,tiles/14/4680/6223.png,http://1.basemaps.cartocdn.com/light_all/14/4680/6223.png
4680,6224,14,214,tiles/14/4680/6224.png,http://1.basemaps.cartocdn.com/light_all/14/4680/6224.png
4680,6225,14,185,tiles/14/4680/6225.png,http://1.basemaps.cartocdn.com/light_all/14/4680/6225.png
4680,6226,14,192,tiles/14/4680/6226.png,http://1.basemaps.cartocdn.com/light_all/14/4680/6226.png
4680,6227,14,269,tiles/14/4680/6227.png,http://1.basemaps.cartocdn.com/light_all/14/4680/6227.png
4680,6228,14,286,tiles/14/4680/6228.png,http://1.basemaps.cartocdn.com/light_all/14/4680/6228.png
4680,6229,14,256,tiles/14/4680/6229.png,http://1.basemaps.cartocdn.com/light_all/14/4680/6229.png
4680,6230,14,162,tiles/14/4680/6230.png,http://1.basemaps.cartocdn.com/light_all/14/4680/6230.png
4680,6231,14,111,tiles/14/4680/6231.png,http://1.basemaps.cartocdn.com/light_all/14/4680/6231.png
4680,6232,14,126,tiles/14/4680/6232.png,http://1.basemaps.cartocdn.com/light_all/14/4680/6232.png
4680,6233,14,166,tiles/14/4680/6233.png,http://1.basemaps.cartocdn.com/light_all/14/4680/6233.png
4680,6234,14,171,tiles/14/4680/6234.png,http://1.basemaps.cartocdn.com/light_all/14/4680/6234.png
4680,6235,14,212,tiles/14/4680/6235.png,http://1.basemaps.cartocdn.com/light_all/14/4680/6235.png
4680,6236,14,213,tiles/14/4680/6236.png,http://1.basemaps.cartocdn.com/light_all/14/4680/6236.png
4680,6237,14,325,tiles/14/4680/6237.png,http://1.basemaps.cartocdn.com/light_all/14/4680/6237.png
4680,6238,14,1068,tiles/14/4680/6238.png,http://1.basemaps.cartocdn.com/light_all/14/4680/6238.png
4680,6239,14,1402,tiles/14/4680/6239.png,http://1.basemaps.cartocdn.com/light_all/14/4680/6239.png
4680,6240,14,808,tiles/14/4680/6240.png,http://1.basemaps.cartocdn.com/light_all/14/4680/6240.png
4680,6241,14,295,tiles/14/4680/6241.png,http://1.basemaps.cartocdn.com/light_all/14/4680/6241.png
4680,6242,14,275,tiles/14/4680/6242.png,http://1.basemaps.cartocdn.com/light_all/14/4680/6242.png
4680,6243,14,255,tiles/14/4680/6243.png,http://1.basemaps.cartocdn.com/light_all/14/4680/6243.png
4680,6244,14,287,tiles/14/4680/6244.png,http://1.basemaps.cartocdn.com/light_all/14/4680/6244.png
4680,6245,14,518,tiles/14/4680/6245.png,http://1.basemaps.cartocdn.com/light_all/14/4680/6245.png
4680,6246,14,849,tiles/14/4680/6246.png,http://1.basemaps.cartocdn.com/light_all/14/4680/6246.png
4680,6247,14,537,tiles/14/4680/6247.png,http://1.basemaps.cartocdn.com/light_all/14/4680/6247.png
4680,6248,14,537,tiles/14/4680/6248.png,http://1.basemaps.cartocdn.com/light_all/14/4680/6248.png
4680,6249,14,537,tiles/14/4680/6249.png,http://1.basemaps.cartocdn.com/light_all/14/4680/6249.png
4680,6250,14,3201,tiles/14/4680/6250.png,http://1.basemaps.cartocdn.com/light_all/14/4680/6250.png
4680,6251,14,2800,tiles/14/4680/6251.png,http://1.basemaps.cartocdn.com/light_all/14/4680/6251.png
4680,6252,14,4492,tiles/14/4680/6252.png,http://1.basemaps.cartocdn.com/light_all/14/4680/6252.png
4680,6253,14,5568,tiles/14/4680/6253.png,http://1.basemaps.cartocdn.com/light_all/14/4680/6253.png
4680,6254,14,3235,tiles/14/4680/6254.png,http://1.basemaps.cartocdn.com/light_all/14/4680/6254.png
4680,6255,14,4678,tiles/14/4680/6255.png,http://1.basemaps.cartocdn.com/light_all/14/4680/6255.png
4680,6256,14,7553,tiles/14/4680/6256.png,http://1.basemaps.cartocdn.com/light_all/14/4680/6256.png
4680,6257,14,4661,tiles/14/4680/6257.png,http://1.basemaps.cartocdn.com/light_all/14/4680/6257.png
4680,6258,14,4520,tiles/14/4680/6258.png,http://1.basemaps.cartocdn.com/light_all/14/4680/6258.png
4680,6259,14,5032,tiles/14/4680/6259.png,http://1.basemaps.cartocdn.com/light_all/14/4680/6259.png
4680,6260,14,3731,tiles/14/4680/6260.png,http://1.basemaps.cartocdn.com/light_all/14/4680/6260.png
4680,6261,14,2676,tiles/14/4680/6261.png,http://1.basemaps.cartocdn.com/light_all/14/4680/6261.png
4680,6262,14,2885,tiles/14/4680/6262.png,http://1.basemaps.cartocdn.com/light_all/14/4680/6262.png
4680,6263,14,1940,tiles/14/4680/6263.png,http://1.basemaps.cartocdn.com/light_all/14/4680/6263.png
4680,6264,14,1283,tiles/14/4680/6264.png,http://1.basemaps.cartocdn.com/light_all/14/4680/6264.png
4680,6265,14,2954,tiles/14/4680/6265.png,http://1.basemaps.cartocdn.com/light_all/14/4680/6265.png
4680,6266,14,5525,tiles/14/4680/6266.png,http://1.basemaps.cartocdn.com/light_all/14/4680/6266.png
4680,6267,14,7714,tiles/14/4680/6267.png,http://1.basemaps.cartocdn.com/light_all/14/4680/6267.png
4680,6268,14,9034,tiles/14/4680/6268.png,http://1.basemaps.cartocdn.com/light_all/14/4680/6268.png
4680,6269,14,7519,tiles/14/4680/6269.png,http://1.basemaps.cartocdn.com/light_all/14/4680/6269.png
4680,6270,14,4427,tiles/14/4680/6270.png,http://1.basemaps.cartocdn.com/light_all/14/4680/6270.png
4681,6207,14,161,tiles/14/4681/6207.png,http://1.basemaps.cartocdn.com/light_all/14/4681/6207.png
4681,6208,14,192,tiles/14/4681/6208.png,http://1.basemaps.cartocdn.com/light_all/14/4681/6208.png
4681,6209,14,194,tiles/14/4681/6209.png,http://1.basemaps.cartocdn.com/light_all/14/4681/6209.png
4681,6210,14,194,tiles/14/4681/6210.png,http://1.basemaps.cartocdn.com/light_all/14/4681/6210.png
4681,6211,14,266,tiles/14/4681/6211.png,http://1.basemaps.cartocdn.com/light_all/14/4681/6211.png
4681,6212,14,292,tiles/14/4681/6212.png,http://1.basemaps.cartocdn.com/light_all/14/4681/6212.png
4681,6213,14,292,tiles/14/4681/6213.png,http://1.basemaps.cartocdn.com/light_all/14/4681/6213.png
4681,6214,14,292,tiles/14/4681/6214.png,http://1.basemaps.cartocdn.com/light_all/14/4681/6214.png
4681,6215,14,215,tiles/14/4681/6215.png,http://1.basemaps.cartocdn.com/light_all/14/4681/6215.png
4681,6216,14,191,tiles/14/4681/6216.png,http://1.basemaps.cartocdn.com/light_all/14/4681/6216.png
4681,6217,14,256,tiles/14/4681/6217.png,http://1.basemaps.cartocdn.com/light_all/14/4681/6217.png
4681,6218,14,337,tiles/14/4681/6218.png,http://1.basemaps.cartocdn.com/light_all/14/4681/6218.png
4681,6219,14,244,tiles/14/4681/6219.png,http://1.basemaps.cartocdn.com/light_all/14/4681/6219.png
4681,6220,14,472,tiles/14/4681/6220.png,http://1.basemaps.cartocdn.com/light_all/14/4681/6220.png
4681,6221,14,767,tiles/14/4681/6221.png,http://1.basemaps.cartocdn.com/light_all/14/4681/6221.png
4681,6222,14,767,tiles/14/4681/6222.png,http://1.basemaps.cartocdn.com/light_all/14/4681/6222.png
4681,6223,14,478,tiles/14/4681/6223.png,http://1.basemaps.cartocdn.com/light_all/14/4681/6223.png
4681,6224,14,182,tiles/14/4681/6224.png,http://1.basemaps.cartocdn.com/light_all/14/4681/6224.png
4681,6225,14,176,tiles/14/4681/6225.png,http://1.basemaps.cartocdn.com/light_all/14/4681/6225.png
4681,6226,14,176,tiles/14/4681/6226.png,http://1.basemaps.cartocdn.com/light_all/14/4681/6226.png
4681,6227,14,176,tiles/14/4681/6227.png,http://1.basemaps.cartocdn.com/light_all/14/4681/6227.png
4681,6228,14,192,tiles/14/4681/6228.png,http://1.basemaps.cartocdn.com/light_all/14/4681/6228.png
4681,6229,14,203,tiles/14/4681/6229.png,http://1.basemaps.cartocdn.com/light_all/14/4681/6229.png
4681,6230,14,202,tiles/14/4681/6230.png,http://1.basemaps.cartocdn.com/light_all/14/4681/6230.png
4681,6231,14,151,tiles/14/4681/6231.png,http://1.basemaps.cartocdn.com/light_all/14/4681/6231.png
4681,6232,14,131,tiles/14/4681/6232.png,http://1.basemaps.cartocdn.com/light_all/14/4681/6232.png
4681,6233,14,166,tiles/14/4681/6233.png,http://1.basemaps.cartocdn.com/light_all/14/4681/6233.png
4681,6234,14,167,tiles/14/4681/6234.png,http://1.basemaps.cartocdn.com/light_all/14/4681/6234.png
4681,6235,14,228,tiles/14/4681/6235.png,http://1.basemaps.cartocdn.com/light_all/14/4681/6235.png
4681,6236,14,858,tiles/14/4681/6236.png,http://1.basemaps.cartocdn.com/light_all/14/4681/6236.png
4681,6237,14,1402,tiles/14/4681/6237.png,http://1.basemaps.cartocdn.com/light_all/14/4681/6237.png
4681,6238,14,909,tiles/14/4681/6238.png,http://1.basemaps.cartocdn.com/light_all/14/4681/6238.png
4681,6239,14,693,tiles/14/4681/6239.png,http://1.basemaps.cartocdn.com/light_all/14/4681/6239.png
4681,6240,14,456,tiles/14/4681/6240.png,http://1.basemaps.cartocdn.com/light_all/14/4681/6240.png
4681,6241,14,275,tiles/14/4681/6241.png,http://1.basemaps.cartocdn.com/light_all/14/4681/6241.png
4681,6242,14,275,tiles/14/4681/6242.png,http://1.basemaps.cartocdn.com/light_all/14/4681/6242.png
4681,6243,14,275,tiles/14/4681/6243.png,http://1.basemaps.cartocdn.com/light_all/14/4681/6243.png
4681,6244,14,283,tiles/14/4681/6244.png,http://1.basemaps.cartocdn.com/light_all/14/4681/6244.png
4681,6245,14,306,tiles/14/4681/6245.png,http://1.basemaps.cartocdn.com/light_all/14/4681/6245.png
4681,6246,14,302,tiles/14/4681/6246.png,http://1.basemaps.cartocdn.com/light_all/14/4681/6246.png
4681,6247,14,323,tiles/14/4681/6247.png,http://1.basemaps.cartocdn.com/light_all/14/4681/6247.png
4681,6248,14,330,tiles/14/4681/6248.png,http://1.basemaps.cartocdn.com/light_all/14/4681/6248.png
4681,6249,14,340,tiles/14/4681/6249.png,http://1.basemaps.cartocdn.com/light_all/14/4681/6249.png
4681,6250,14,294,tiles/14/4681/6250.png,http://1.basemaps.cartocdn.com/light_all/14/4681/6250.png
4681,6251,14,293,tiles/14/4681/6251.png,http://1.basemaps.cartocdn.com/light_all/14/4681/6251.png
4681,6252,14,542,tiles/14/4681/6252.png,http://1.basemaps.cartocdn.com/light_all/14/4681/6252.png
4681,6253,14,1208,tiles/14/4681/6253.png,http://1.basemaps.cartocdn.com/light_all/14/4681/6253.png
4681,6254,14,1024,tiles/14/4681/6254.png,http://1.basemaps.cartocdn.com/light_all/14/4681/6254.png
4681,6255,14,2708,tiles/14/4681/6255.png,http://1.basemaps.cartocdn.com/light_all/14/4681/6255.png
4681,6256,14,4976,tiles/14/4681/6256.png,http://1.basemaps.cartocdn.com/light_all/14/4681/6256.png
4681,6257,14,7065,tiles/14/4681/6257.png,http://1.basemaps.cartocdn.com/light_all/14/4681/6257.png
4681,6258,14,7395,tiles/14/4681/6258.png,http://1.basemaps.cartocdn.com/light_all/14/4681/6258.png
4681,6259,14,3995,tiles/14/4681/6259.png,http://1.basemaps.cartocdn.com/light_all/14/4681/6259.png
4681,6260,14,4888,tiles/14/4681/6260.png,http://1.basemaps.cartocdn.com/light_all/14/4681/6260.png
4681,6261,14,4665,tiles/14/4681/6261.png,http://1.basemaps.cartocdn.com/light_all/14/4681/6261.png
4681,6262,14,4035,tiles/14/4681/6262.png,http://1.basemaps.cartocdn.com/light_all/14/4681/6262.png
4681,6263,14,3362,tiles/14/4681/6263.png,http://1.basemaps.cartocdn.com/light_all/14/4681/6263.png
4681,6264,14,1676,tiles/14/4681/6264.png,http://1.basemaps.cartocdn.com/light_all/14/4681/6264.png
4681,6265,14,3196,tiles/14/4681/6265.png,http://1.basemaps.cartocdn.com/light_all/14/4681/6265.png
4681,6266,14,4982,tiles/14/4681/6266.png,http://1.basemaps.cartocdn.com/light_all/14/4681/6266.png
4681,6267,14,8904,tiles/14/4681/6267.png,http://1.basemaps.cartocdn.com/light_all/14/4681/6267.png
4681,6268,14,10220,tiles/14/4681/6268.png,http://1.basemaps.cartocdn.com/light_all/14/4681/6268.png
4681,6269,14,11157,tiles/14/4681/6269.png,http://1.basemaps.cartocdn.com/light_all/14/4681/6269.png
4681,6270,14,15029,tiles/14/4681/6270.png,http://1.basemaps.cartocdn.com/light_all/14/4681/6270.png
4682,6207,14,156,tiles/14/4682/6207.png,http://1.basemaps.cartocdn.com/light_all/14/4682/6207.png
4682,6208,14,180,tiles/14/4682/6208.png,http://1.basemaps.cartocdn.com/light_all/14/4682/6208.png
4682,6209,14,194,tiles/14/4682/6209.png,http://1.basemaps.cartocdn.com/light_all/14/4682/6209.png
4682,6210,14,228,tiles/14/4682/6210.png,http://1.basemaps.cartocdn.com/light_all/14/4682/6210.png
4682,6211,14,287,tiles/14/4682/6211.png,http://1.basemaps.cartocdn.com/light_all/14/4682/6211.png
4682,6212,14,292,tiles/14/4682/6212.png,http://1.basemaps.cartocdn.com/light_all/14/4682/6212.png
4682,6213,14,292,tiles/14/4682/6213.png,http://1.basemaps.cartocdn.com/light_all/14/4682/6213.png
4682,6214,14,292,tiles/14/4682/6214.png,http://1.basemaps.cartocdn.com/light_all/14/4682/6214.png
4682,6215,14,284,tiles/14/4682/6215.png,http://1.basemaps.cartocdn.com/light_all/14/4682/6215.png
4682,6216,14,279,tiles/14/4682/6216.png,http://1.basemaps.cartocdn.com/light_all/14/4682/6216.png
4682,6217,14,389,tiles/14/4682/6217.png,http://1.basemaps.cartocdn.com/light_all/14/4682/6217.png
4682,6218,14,337,tiles/14/4682/6218.png,http://1.basemaps.cartocdn.com/light_all/14/4682/6218.png
4682,6219,14,231,tiles/14/4682/6219.png,http://1.basemaps.cartocdn.com/light_all/14/4682/6219.png
4682,6220,14,254,tiles/14/4682/6220.png,http://1.basemaps.cartocdn.com/light_all/14/4682/6220.png
4682,6221,14,551,tiles/14/4682/6221.png,http://1.basemaps.cartocdn.com/light_all/14/4682/6221.png
4682,6222,14,408,tiles/14/4682/6222.png,http://1.basemaps.cartocdn.com/light_all/14/4682/6222.png
4682,6223,14,177,tiles/14/4682/6223.png,http://1.basemaps.cartocdn.com/light_all/14/4682/6223.png
4682,6224,14,176,tiles/14/4682/6224.png,http://1.basemaps.cartocdn.com/light_all/14/4682/6224.png
4682,6225,14,176,tiles/14/4682/6225.png,http://1.basemaps.cartocdn.com/light_all/14/4682/6225.png
4682,6226,14,176,tiles/14/4682/6226.png,http://1.basemaps.cartocdn.com/light_all/14/4682/6226.png
4682,6227,14,176,tiles/14/4682/6227.png,http://1.basemaps.cartocdn.com/light_all/14/4682/6227.png
4682,6228,14,194,tiles/14/4682/6228.png,http://1.basemaps.cartocdn.com/light_all/14/4682/6228.png
4682,6229,14,203,tiles/14/4682/6229.png,http://1.basemaps.cartocdn.com/light_all/14/4682/6229.png
4682,6230,14,203,tiles/14/4682/6230.png,http://1.basemaps.cartocdn.com/light_all/14/4682/6230.png
4682,6231,14,203,tiles/14/4682/6231.png,http://1.basemaps.cartocdn.com/light_all/14/4682/6231.png
4682,6232,14,198,tiles/14/4682/6232.png,http://1.basemaps.cartocdn.com/light_all/14/4682/6232.png
4682,6233,14,276,tiles/14/4682/6233.png,http://1.basemaps.cartocdn.com/light_all/14/4682/6233.png
4682,6234,14,318,tiles/14/4682/6234.png,http://1.basemaps.cartocdn.com/light_all/14/4682/6234.png
4682,6235,14,386,tiles/14/4682/6235.png,http://1.basemaps.cartocdn.com/light_all/14/4682/6235.png
4682,6236,14,576,tiles/14/4682/6236.png,http://1.basemaps.cartocdn.com/light_all/14/4682/6236.png
4682,6237,14,656,tiles/14/4682/6237.png,http://1.basemaps.cartocdn.com/light_all/14/4682/6237.png
4682,6238,14,610,tiles/14/4682/6238.png,http://1.basemaps.cartocdn.com/light_all/14/4682/6238.png
4682,6239,14,610,tiles/14/4682/6239.png,http://1.basemaps.cartocdn.com/light_all/14/4682/6239.png
4682,6240,14,313,tiles/14/4682/6240.png,http://1.basemaps.cartocdn.com/light_all/14/4682/6240.png
4682,6241,14,275,tiles/14/4682/6241.png,http://1.basemaps.cartocdn.com/light_all/14/4682/6241.png
4682,6242,14,275,tiles/14/4682/6242.png,http://1.basemaps.cartocdn.com/light_all/14/4682/6242.png
4682,6243,14,300,tiles/14/4682/6243.png,http://1.basemaps.cartocdn.com/light_all/14/4682/6243.png
4682,6244,14,330,tiles/14/4682/6244.png,http://1.basemaps.cartocdn.com/light_all/14/4682/6244.png
4682,6245,14,331,tiles/14/4682/6245.png,http://1.basemaps.cartocdn.com/light_all/14/4682/6245.png
4682,6246,14,295,tiles/14/4682/6246.png,http://1.basemaps.cartocdn.com/light_all/14/4682/6246.png
4682,6247,14,293,tiles/14/4682/6247.png,http://1.basemaps.cartocdn.com/light_all/14/4682/6247.png
4682,6248,14,293,tiles/14/4682/6248.png,http://1.basemaps.cartocdn.com/light_all/14/4682/6248.png
4682,6249,14,293,tiles/14/4682/6249.png,http://1.basemaps.cartocdn.com/light_all/14/4682/6249.png
4682,6250,14,345,tiles/14/4682/6250.png,http://1.basemaps.cartocdn.com/light_all/14/4682/6250.png
4682,6251,14,728,tiles/14/4682/6251.png,http://1.basemaps.cartocdn.com/light_all/14/4682/6251.png
4682,6252,14,981,tiles/14/4682/6252.png,http://1.basemaps.cartocdn.com/light_all/14/4682/6252.png
4682,6253,14,1012,tiles/14/4682/6253.png,http://1.basemaps.cartocdn.com/light_all/14/4682/6253.png
4682,6254,14,945,tiles/14/4682/6254.png,http://1.basemaps.cartocdn.com/light_all/14/4682/6254.png
4682,6255,14,2311,tiles/14/4682/6255.png,http://1.basemaps.cartocdn.com/light_all/14/4682/6255.png
4682,6256,14,4857,tiles/14/4682/6256.png,http://1.basemaps.cartocdn.com/light_all/14/4682/6256.png
4682,6257,14,7762,tiles/14/4682/6257.png,http://1.basemaps.cartocdn.com/light_all/14/4682/6257.png
4682,6258,14,9554,tiles/14/4682/6258.png,http://1.basemaps.cartocdn.com/light_all/14/4682/6258.png
4682,6259,14,10543,tiles/14/4682/6259.png,http://1.basemaps.cartocdn.com/light_all/14/4682/6259.png
4682,6260,14,7896,tiles/14/4682/6260.png,http://1.basemaps.cartocdn.com/light_all/14/4682/6260.png
4682,6261,14,7716,tiles/14/4682/6261.png,http://1.basemaps.cartocdn.com/light_all/14/4682/6261.png
4682,6262,14,6789,tiles/14/4682/6262.png,http://1.basemaps.cartocdn.com/light_all/14/4682/6262.png
4682,6263,14,6732,tiles/14/4682/6263.png,http://1.basemaps.cartocdn.com/light_all/14/4682/6263.png
4682,6264,14,5769,tiles/14/4682/6264.png,http://1.basemaps.cartocdn.com/light_all/14/4682/6264.png
4682,6265,14,5173,tiles/14/4682/6265.png,http://1.basemaps.cartocdn.com/light_all/14/4682/6265.png
4682,6266,14,4180,tiles/14/4682/6266.png,http://1.basemaps.cartocdn.com/light_all/14/4682/6266.png
4682,6267,14,8899,tiles/14/4682/6267.png,http://1.basemaps.cartocdn.com/light_all/14/4682/6267.png
4682,6268,14,23656,tiles/14/4682/6268.png,http://1.basemaps.cartocdn.com/light_all/14/4682/6268.png
4682,6269,14,14402,tiles/14/4682/6269.png,http://1.basemaps.cartocdn.com/light_all/14/4682/6269.png
4682,6270,14,20026,tiles/14/4682/6270.png,http://1.basemaps.cartocdn.com/light_all/14/4682/6270.png
4683,6207,14,225,tiles/14/4683/6207.png,http://1.basemaps.cartocdn.com/light_all/14/4683/6207.png
4683,6208,14,213,tiles/14/4683/6208.png,http://1.basemaps.cartocdn.com/light_all/14/4683/6208.png
4683,6209,14,263,tiles/14/4683/6209.png,http://1.basemaps.cartocdn.com/light_all/14/4683/6209.png
4683,6210,14,292,tiles/14/4683/6210.png,http://1.basemaps.cartocdn.com/light_all/14/4683/6210.png
4683,6211,14,292,tiles/14/4683/6211.png,http://1.basemaps.cartocdn.com/light_all/14/4683/6211.png
4683,6212,14,292,tiles/14/4683/6212.png,http://1.basemaps.cartocdn.com/light_all/14/4683/6212.png
4683,6213,14,292,tiles/14/4683/6213.png,http://1.basemaps.cartocdn.com/light_all/14/4683/6213.png
4683,6214,14,291,tiles/14/4683/6214.png,http://1.basemaps.cartocdn.com/light_all/14/4683/6214.png
4683,6215,14,266,tiles/14/4683/6215.png,http://1.basemaps.cartocdn.com/light_all/14/4683/6215.png
4683,6216,14,276,tiles/14/4683/6216.png,http://1.basemaps.cartocdn.com/light_all/14/4683/6216.png
4683,6217,14,2950,tiles/14/4683/6217.png,http://1.basemaps.cartocdn.com/light_all/14/4683/6217.png
4683,6218,14,1183,tiles/14/4683/6218.png,http://1.basemaps.cartocdn.com/light_all/14/4683/6218.png
4683,6219,14,223,tiles/14/4683/6219.png,http://1.basemaps.cartocdn.com/light_all/14/4683/6219.png
4683,6220,14,186,tiles/14/4683/6220.png,http://1.basemaps.cartocdn.com/light_all/14/4683/6220.png
4683,6221,14,186,tiles/14/4683/6221.png,http://1.basemaps.cartocdn.com/light_all/14/4683/6221.png
4683,6222,14,198,tiles/14/4683/6222.png,http://1.basemaps.cartocdn.com/light_all/14/4683/6222.png
4683,6223,14,176,tiles/14/4683/6223.png,http://1.basemaps.cartocdn.com/light_all/14/4683/6223.png
4683,6224,14,176,tiles/14/4683/6224.png,http://1.basemaps.cartocdn.com/light_all/14/4683/6224.png
4683,6225,14,176,tiles/14/4683/6225.png,http://1.basemaps.cartocdn.com/light_all/14/4683/6225.png
4683,6226,14,176,tiles/14/4683/6226.png,http://1.basemaps.cartocdn.com/light_all/14/4683/6226.png
4683,6227,14,176,tiles/14/4683/6227.png,http://1.basemaps.cartocdn.com/light_all/14/4683/6227.png
4683,6228,14,198,tiles/14/4683/6228.png,http://1.basemaps.cartocdn.com/light_all/14/4683/6228.png
4683,6229,14,203,tiles/14/4683/6229.png,http://1.basemaps.cartocdn.com/light_all/14/4683/6229.png
4683,6230,14,203,tiles/14/4683/6230.png,http://1.basemaps.cartocdn.com/light_all/14/4683/6230.png
4683,6231,14,203,tiles/14/4683/6231.png,http://1.basemaps.cartocdn.com/light_all/14/4683/6231.png
4683,6232,14,253,tiles/14/4683/6232.png,http://1.basemaps.cartocdn.com/light_all/14/4683/6232.png
4683,6233,14,341,tiles/14/4683/6233.png,http://1.basemaps.cartocdn.com/light_all/14/4683/6233.png
4683,6234,14,356,tiles/14/4683/6234.png,http://1.basemaps.cartocdn.com/light_all/14/4683/6234.png
4683,6235,14,387,tiles/14/4683/6235.png,http://1.basemaps.cartocdn.com/light_all/14/4683/6235.png
4683,6236,14,387,tiles/14/4683/6236.png,http://1.basemaps.cartocdn.com/light_all/14/4683/6236.png
4683,6237,14,513,tiles/14/4683/6237.png,http://1.basemaps.cartocdn.com/light_all/14/4683/6237.png
4683,6238,14,598,tiles/14/4683/6238.png,http://1.basemaps.cartocdn.com/light_all/14/4683/6238.png
4683,6239,14,542,tiles/14/4683/6239.png,http://1.basemaps.cartocdn.com/light_all/14/4683/6239.png
4683,6240,14,287,tiles/14/4683/6240.png,http://1.basemaps.cartocdn.com/light_all/14/4683/6240.png
4683,6241,14,275,tiles/14/4683/6241.png,http://1.basemaps.cartocdn.com/light_all/14/4683/6241.png
4683,6242,14,281,tiles/14/4683/6242.png,http://1.basemaps.cartocdn.com/light_all/14/4683/6242.png
4683,6243,14,331,tiles/14/4683/6243.png,http://1.basemaps.cartocdn.com/light_all/14/4683/6243.png
4683,6244,14,332,tiles/14/4683/6244.png,http://1.basemaps.cartocdn.com/light_all/14/4683/6244.png
4683,6245,14,332,tiles/14/4683/6245.png,http://1.basemaps.cartocdn.com/light_all/14/4683/6245.png
4683,6246,14,302,tiles/14/4683/6246.png,http://1.basemaps.cartocdn.com/light_all/14/4683/6246.png
4683,6247,14,293,tiles/14/4683/6247.png,http://1.basemaps.cartocdn.com/light_all/14/4683/6247.png
4683,6248,14,293,tiles/14/4683/6248.png,http://1.basemaps.cartocdn.com/light_all/14/4683/6248.png
4683,6249,14,361,tiles/14/4683/6249.png,http://1.basemaps.cartocdn.com/light_all/14/4683/6249.png
4683,6250,14,810,tiles/14/4683/6250.png,http://1.basemaps.cartocdn.com/light_all/14/4683/6250.png
4683,6251,14,2274,tiles/14/4683/6251.png,http://1.basemaps.cartocdn.com/light_all/14/4683/6251.png
4683,6252,14,3637,tiles/14/4683/6252.png,http://1.basemaps.cartocdn.com/light_all/14/4683/6252.png
4683,6253,14,3329,tiles/14/4683/6253.png,http://1.basemaps.cartocdn.com/light_all/14/4683/6253.png
4683,6254,14,1368,tiles/14/4683/6254.png,http://1.basemaps.cartocdn.com/light_all/14/4683/6254.png
4683,6255,14,3930,tiles/14/4683/6255.png,http://1.basemaps.cartocdn.com/light_all/14/4683/6255.png
4683,6256,14,5904,tiles/14/4683/6256.png,http://1.basemaps.cartocdn.com/light_all/14/4683/6256.png
4683,6257,14,9628,tiles/14/4683/6257.png,http://1.basemaps.cartocdn.com/light_all/14/4683/6257.png
4683,6258,14,9347,tiles/14/4683/6258.png,http://1.basemaps.cartocdn.com/light_all/14/4683/6258.png
4683,6259,14,7376,tiles/14/4683/6259.png,http://1.basemaps.cartocdn.com/light_all/14/4683/6259.png
4683,6260,14,6304,tiles/14/4683/6260.png,http://1.basemaps.cartocdn.com/light_all/14/4683/6260.png
4683,6261,14,4099,tiles/14/4683/6261.png,http://1.basemaps.cartocdn.com/light_all/14/4683/6261.png
4683,6262,14,11888,tiles/14/4683/6262.png,http://1.basemaps.cartocdn.com/light_all/14/4683/6262.png
4683,6263,14,11746,tiles/14/4683/6263.png,http://1.basemaps.cartocdn.com/light_all/14/4683/6263.png
4683,6264,14,11384,tiles/14/4683/6264.png,http://1.basemaps.cartocdn.com/light_all/14/4683/6264.png
4683,6265,14,8835,tiles/14/4683/6265.png,http://1.basemaps.cartocdn.com/light_all/14/4683/6265.png
4683,6266,14,6812,tiles/14/4683/6266.png,http://1.basemaps.cartocdn.com/light_all/14/4683/6266.png
4683,6267,14,10474,tiles/14/4683/6267.png,http://1.basemaps.cartocdn.com/light_all/14/4683/6267.png
4683,6268,14,20472,tiles/14/4683/6268.png,http://1.basemaps.cartocdn.com/light_all/14/4683/6268.png
4683,6269,14,14920,tiles/14/4683/6269.png,http://1.basemaps.cartocdn.com/light_all/14/4683/6269.png
4683,6270,14,15873,tiles/14/4683/6270.png,http://1.basemaps.cartocdn.com/light_all/14/4683/6270.png
4684,6207,14,293,tiles/14/4684/6207.png,http://1.basemaps.cartocdn.com/light_all/14/4684/6207.png
4684,6208,14,338,tiles/14/4684/6208.png,http://1.basemaps.cartocdn.com/light_all/14/4684/6208.png
4684,6209,14,535,tiles/14/4684/6209.png,http://1.basemaps.cartocdn.com/light_all/14/4684/6209.png
4684,6210,14,760,tiles/14/4684/6210.png,http://1.basemaps.cartocdn.com/light_all/14/4684/6210.png
4684,6211,14,707,tiles/14/4684/6211.png,http://1.basemaps.cartocdn.com/light_all/14/4684/6211.png
4684,6212,14,870,tiles/14/4684/6212.png,http://1.basemaps.cartocdn.com/light_all/14/4684/6212.png
4684,6213,14,309,tiles/14/4684/6213.png,http://1.basemaps.cartocdn.com/light_all/14/4684/6213.png
4684,6214,14,263,tiles/14/4684/6214.png,http://1.basemaps.cartocdn.com/light_all/14/4684/6214.png
4684,6215,14,244,tiles/14/4684/6215.png,http://1.basemaps.cartocdn.com/light_all/14/4684/6215.png
4684,6216,14,245,tiles/14/4684/6216.png,http://1.basemaps.cartocdn.com/light_all/14/4684/6216.png
4684,6217,14,760,tiles/14/4684/6217.png,http://1.basemaps.cartocdn.com/light_all/14/4684/6217.png
4684,6218,14,368,tiles/14/4684/6218.png,http://1.basemaps.cartocdn.com/light_all/14/4684/6218.png
4684,6219,14,223,tiles/14/4684/6219.png,http://1.basemaps.cartocdn.com/light_all/14/4684/6219.png
4684,6220,14,186,tiles/14/4684/6220.png,http://1.basemaps.cartocdn.com/light_all/14/4684/6220.png
4684,6221,14,186,tiles/14/4684/6221.png,http://1.basemaps.cartocdn.com/light_all/14/4684/6221.png
4684,6222,14,186,tiles/14/4684/6222.png,http://1.basemaps.cartocdn.com/light_all/14/4684/6222.png
4684,6223,14,180,tiles/14/4684/6223.png,http://1.basemaps.cartocdn.com/light_all/14/4684/6223.png
4684,6224,14,176,tiles/14/4684/6224.png,http://1.basemaps.cartocdn.com/light_all/14/4684/6224.png
4684,6225,14,176,tiles/14/4684/6225.png,http://1.basemaps.cartocdn.com/light_all/14/4684/6225.png
4684,6226,14,176,tiles/14/4684/6226.png,http://1.basemaps.cartocdn.com/light_all/14/4684/6226.png
4684,6227,14,176,tiles/14/4684/6227.png,http://1.basemaps.cartocdn.com/light_all/14/4684/6227.png
4684,6228,14,218,tiles/14/4684/6228.png,http://1.basemaps.cartocdn.com/light_all/14/4684/6228.png
4684,6229,14,203,tiles/14/4684/6229.png,http://1.basemaps.cartocdn.com/light_all/14/4684/6229.png
4684,6230,14,203,tiles/14/4684/6230.png,http://1.basemaps.cartocdn.com/light_all/14/4684/6230.png
4684,6231,14,203,tiles/14/4684/6231.png,http://1.basemaps.cartocdn.com/light_all/14/4684/6231.png
4684,6232,14,264,tiles/14/4684/6232.png,http://1.basemaps.cartocdn.com/light_all/14/4684/6232.png
4684,6233,14,341,tiles/14/4684/6233.png,http://1.basemaps.cartocdn.com/light_all/14/4684/6233.png
4684,6234,14,342,tiles/14/4684/6234.png,http://1.basemaps.cartocdn.com/light_all/14/4684/6234.png
4684,6235,14,382,tiles/14/4684/6235.png,http://1.basemaps.cartocdn.com/light_all/14/4684/6235.png
4684,6236,14,389,tiles/14/4684/6236.png,http://1.basemaps.cartocdn.com/light_all/14/4684/6236.png
4684,6237,14,401,tiles/14/4684/6237.png,http://1.basemaps.cartocdn.com/light_all/14/4684/6237.png
4684,6238,14,407,tiles/14/4684/6238.png,http://1.basemaps.cartocdn.com/light_all/14/4684/6238.png
4684,6239,14,403,tiles/14/4684/6239.png,http://1.basemaps.cartocdn.com/light_all/14/4684/6239.png
4684,6240,14,346,tiles/14/4684/6240.png,http://1.basemaps.cartocdn.com/light_all/14/4684/6240.png
4684,6241,14,275,tiles/14/4684/6241.png,http://1.basemaps.cartocdn.com/light_all/14/4684/6241.png
4684,6242,14,275,tiles/14/4684/6242.png,http://1.basemaps.cartocdn.com/light_all/14/4684/6242.png
4684,6243,14,311,tiles/14/4684/6243.png,http://1.basemaps.cartocdn.com/light_all/14/4684/6243.png
4684,6244,14,332,tiles/14/4684/6244.png,http://1.basemaps.cartocdn.com/light_all/14/4684/6244.png
4684,6245,14,332,tiles/14/4684/6245.png,http://1.basemaps.cartocdn.com/light_all/14/4684/6245.png
4684,6246,14,323,tiles/14/4684/6246.png,http://1.basemaps.cartocdn.com/light_all/14/4684/6246.png
4684,6247,14,296,tiles/14/4684/6247.png,http://1.basemaps.cartocdn.com/light_all/14/4684/6247.png
4684,6248,14,300,tiles/14/4684/6248.png,http://1.basemaps.cartocdn.com/light_all/14/4684/6248.png
4684,6249,14,383,tiles/14/4684/6249.png,http://1.basemaps.cartocdn.com/light_all/14/4684/6249.png
4684,6250,14,455,tiles/14/4684/6250.png,http://1.basemaps.cartocdn.com/light_all/14/4684/6250.png
4684,6251,14,2684,tiles/14/4684/6251.png,http://1.basemaps.cartocdn.com/light_all/14/4684/6251.png
4684,6252,14,5082,tiles/14/4684/6252.png,http://1.basemaps.cartocdn.com/light_all/14/4684/6252.png
4684,6253,14,4479,tiles/14/4684/6253.png,http://1.basemaps.cartocdn.com/light_all/14/4684/6253.png
4684,6254,14,1134,tiles/14/4684/6254.png,http://1.basemaps.cartocdn.com/light_all/14/4684/6254.png
4684,6255,14,9408,tiles/14/4684/6255.png,http://1.basemaps.cartocdn.com/light_all/14/4684/6255.png
4684,6256,14,16069,tiles/14/4684/6256.png,http://1.basemaps.cartocdn.com/light_all/14/4684/6256.png
4684,6257,14,9195,tiles/14/4684/6257.png,http://1.basemaps.cartocdn.com/light_all/14/4684/6257.png
4684,6258,14,11985,tiles/14/4684/6258.png,http://1.basemaps.cartocdn.com/light_all/14/4684/6258.png
4684,6259,14,8811,tiles/14/4684/6259.png,http://1.basemaps.cartocdn.com/light_all/14/4684/6259.png
4684,6260,14,5299,tiles/14/4684/6260.png,http://1.basemaps.cartocdn.com/light_all/14/4684/6260.png
4684,6261,14,5529,tiles/14/4684/6261.png,http://1.basemaps.cartocdn.com/light_all/14/4684/6261.png
4684,6262,14,6005,tiles/14/4684/6262.png,http://1.basemaps.cartocdn.com/light_all/14/4684/6262.png
4684,6263,14,8886,tiles/14/4684/6263.png,http://1.basemaps.cartocdn.com/light_all/14/4684/6263.png
4684,6264,14,10919,tiles/14/4684/6264.png,http://1.basemaps.cartocdn.com/light_all/14/4684/6264.png
4684,6265,14,14832,tiles/14/4684/6265.png,http://1.basemaps.cartocdn.com/light_all/14/4684/6265.png
4684,6266,14,14147,tiles/14/4684/6266.png,http://1.basemaps.cartocdn.com/light_all/14/4684/6266.png
4684,6267,14,15158,tiles/14/4684/6267.png,http://1.basemaps.cartocdn.com/light_all/14/4684/6267.png
4684,6268,14,3128,tiles/14/4684/6268.png,http://1.basemaps.cartocdn.com/light_all/14/4684/6268.png
4684,6269,14,11833,tiles/14/4684/6269.png,http://1.basemaps.cartocdn.com/light_all/14/4684/6269.png
4684,6270,14,13129,tiles/14/4684/6270.png,http://1.basemaps.cartocdn.com/light_all/14/4684/6270.png
4685,6207,14,326,tiles/14/4685/6207.png,http://1.basemaps.cartocdn.com/light_all/14/4685/6207.png
4685,6208,14,410,tiles/14/4685/6208.png,http://1.basemaps.cartocdn.com/light_all/14/4685/6208.png
4685,6209,14,424,tiles/14/4685/6209.png,http://1.basemaps.cartocdn.com/light_all/14/4685/6209.png
4685,6210,14,970,tiles/14/4685/6210.png,http://1.basemaps.cartocdn.com/light_all/14/4685/6210.png
4685,6211,14,1036,tiles/14/4685/6211.png,http://1.basemaps.cartocdn.com/light_all/14/4685/6211.png
4685,6212,14,926,tiles/14/4685/6212.png,http://1.basemaps.cartocdn.com/light_all/14/4685/6212.png
4685,6213,14,466,tiles/14/4685/6213.png,http://1.basemaps.cartocdn.com/light_all/14/4685/6213.png
4685,6214,14,610,tiles/14/4685/6214.png,http://1.basemaps.cartocdn.com/light_all/14/4685/6214.png
4685,6215,14,489,tiles/14/4685/6215.png,http://1.basemaps.cartocdn.com/light_all/14/4685/6215.png
4685,6216,14,255,tiles/14/4685/6216.png,http://1.basemaps.cartocdn.com/light_all/14/4685/6216.png
4685,6217,14,245,tiles/14/4685/6217.png,http://1.basemaps.cartocdn.com/light_all/14/4685/6217.png
4685,6218,14,257,tiles/14/4685/6218.png,http://1.basemaps.cartocdn.com/light_all/14/4685/6218.png
4685,6219,14,214,tiles/14/4685/6219.png,http://1.basemaps.cartocdn.com/light_all/14/4685/6219.png
4685,6220,14,186,tiles/14/4685/6220.png,http://1.basemaps.cartocdn.com/light_all/14/4685/6220.png
4685,6221,14,186,tiles/14/4685/6221.png,http://1.basemaps.cartocdn.com/light_all/14/4685/6221.png
4685,6222,14,186,tiles/14/4685/6222.png,http://1.basemaps.cartocdn.com/light_all/14/4685/6222.png
4685,6223,14,269,tiles/14/4685/6223.png,http://1.basemaps.cartocdn.com/light_all/14/4685/6223.png
4685,6224,14,428,tiles/14/4685/6224.png,http://1.basemaps.cartocdn.com/light_all/14/4685/6224.png
4685,6225,14,567,tiles/14/4685/6225.png,http://1.basemaps.cartocdn.com/light_all/14/4685/6225.png
4685,6226,14,2127,tiles/14/4685/6226.png,http://1.basemaps.cartocdn.com/light_all/14/4685/6226.png
4685,6227,14,1547,tiles/14/4685/6227.png,http://1.b